"","email","url_1","clicks_1","url_2","clicks_2","url_3","clicks_3","url_4","clicks_4","url_5","clicks_5","url_6","clicks_6","url_7","url_chart","clicks_chart","url_question","clicks_question","url_events","clicks_events","plainTextPCT","clicks_7","url_8","clicks_8","url_9","clicks_9","url_10","clicks_10","url_11","clicks_11","url_12","clicks_12","url_13","clicks_13","url_14","clicks_14","url_15","clicks_15","url_16","clicks_16","url_17","clicks_17","url_18","clicks_18","url_19","clicks_19","url_20","clicks_20"
"1","NL 2022-01-05 Spark","https://rmi.org/united-states-steps-up-on-climate/","475","https://rmi.org/insight/metrics-and-mechanisms-to-finance-managed-coal-phaseout/","420","https://rmi.org/reality-check-keeping-the-lights-on-in-extreme-winter-weather/","401","https://rmi.org/insight/growing-to-its-potential/","147","https://rmi.org/energy-transition-in-2022/","107","https://rmi.org/rmis-most-read-stories-of-2022/","71",NA,"Chart - NA","0","Question - NA","0","Events - https://rmi.org/events/","78","0.045",NA,NA,NA,NA,NA,NA,NA,NA,NA,NA,NA,NA,NA,NA,NA,NA,NA,NA,NA,NA,NA,NA,NA,NA,NA,NA,NA
"2","NL 2023-01-08 Upcoming Events","https://rmi.org/about/","13",NA,NA,NA,NA,NA,NA,NA,NA,NA,NA,NA,"Chart - NA","0","Question - NA","0","Events - https://rmi.org/events/","358","0.01",NA,NA,NA,NA,NA,NA,NA,NA,NA,NA,NA,NA,NA,NA,NA,NA,NA,NA,NA,NA,NA,NA,NA,NA,NA,NA,NA
"3","NL 2023-01-12 Spark","https://rmi.org/clean-energy-101-virtual-power-plants/","1000","https://rmi.org/insight/hvac-choices-for-student-health-and-learning/","438","https://rmi.org/the-united-states-has-the-only-major-power-grid-without-a-plan/","428","https://rmi.org/insight/virtual-power-plants-real-benefits/","64","https://rmi.org/all-clean-hydrogen-is-not-equally-clean/","8",NA,NA,NA,"Chart - NA","0","Question - NA","0","Events - https://rmi.org/events/","55","0.034",NA,NA,NA,NA,NA,NA,NA,NA,NA,NA,NA,NA,NA,NA,NA,NA,NA,NA,NA,NA,NA,NA,NA,NA,NA,NA,NA
"4","NL 2023-01-15 Upcoming Events","https://rmi.org/about/","16",NA,NA,NA,NA,NA,NA,NA,NA,NA,NA,NA,"Chart - NA","0","Question - NA","0","Events - https://rmi.org/events/","226","0",NA,NA,NA,NA,NA,NA,NA,NA,NA,NA,NA,NA,NA,NA,NA,NA,NA,NA,NA,NA,NA,NA,NA,NA,NA,NA,NA
"5","NL 2023-01-19 Spark","https://rmi.org/with-concrete-less-is-more/","1207","https://rmi.org/how-utilities-can-save-customers-billions-of-dollars/","512","https://rmi.org/financing-1-5c-six-trends-to-watch-in-2023/","478","https://rmi.org/insight/peak-fossil-fuel-demand-for-electricity/","76","https://rmi.org/embodied-carbon-cities-policy-toolkit/","71",NA,NA,NA,"Chart - NA","0","Question - NA","0","Events - https://rmi.org/events/","116","0.031",NA,NA,NA,NA,NA,NA,NA,NA,NA,NA,NA,NA,NA,NA,NA,NA,NA,NA,NA,NA,NA,NA,NA,NA,NA,NA,NA
"6","NL 2023-01-22 Upcoming Events","https://rmi.org/about/","10",NA,NA,NA,NA,NA,NA,NA,NA,NA,NA,NA,"Chart - NA","0","Question - NA","0","Events - https://rmi.org/events/","288","0.013",NA,NA,NA,NA,NA,NA,NA,NA,NA,NA,NA,NA,NA,NA,NA,NA,NA,NA,NA,NA,NA,NA,NA,NA,NA,NA,NA
"7","NL 2023-01-26 Spark","https://rmi.org/insight/toward-a-technology-ecosystem-for-carbon-accounting/","173","https://rmi.org/a-utility-investment-plan-is-like-a-camel/","113","https://rmi.org/insight/peak-fossil-fuel-demand-for-electricity/","61","https://rmi.org/invest-in-youth-to-ramp-up-clean-energy-transition/","17","https://rmi.org/theres-never-been-a-better-time-to-electrify-your-fleet/","15","https://rmi.org/insight/reimagining-resource-planning/","13","https://rmi.org/a-severe-winter-means-high-energy-bills/","Chart - NA","0","Question - NA","0","Events - https://rmi.org/events/","20","0.051","12",NA,NA,NA,NA,NA,NA,NA,NA,NA,NA,NA,NA,NA,NA,NA,NA,NA,NA,NA,NA,NA,NA,NA,NA,NA,NA
"8","NL 2023-01-26 Spark","https://rmi.org/insight/toward-a-technology-ecosystem-for-carbon-accounting/","240","https://rmi.org/a-utility-investment-plan-is-like-a-camel/","72","https://rmi.org/insight/peak-fossil-fuel-demand-for-electricity/","51","https://rmi.org/theres-never-been-a-better-time-to-electrify-your-fleet/","15","https://rmi.org/a-severe-winter-means-high-energy-bills/","13","https://rmi.org/invest-in-youth-to-ramp-up-clean-energy-transition/","12","https://rmi.org/insight/reimagining-resource-planning/","Chart - NA","0","Question - NA","0","Events - https://rmi.org/events/","16","0.074","4",NA,NA,NA,NA,NA,NA,NA,NA,NA,NA,NA,NA,NA,NA,NA,NA,NA,NA,NA,NA,NA,NA,NA,NA,NA,NA
"9","NL 2023-01-26 Spark","https://rmi.org/insight/toward-a-technology-ecosystem-for-carbon-accounting/","447","https://rmi.org/a-utility-investment-plan-is-like-a-camel/","132","https://rmi.org/insight/peak-fossil-fuel-demand-for-electricity/","105","https://rmi.org/theres-never-been-a-better-time-to-electrify-your-fleet/","38","https://rmi.org/insight/reimagining-resource-planning/","29","https://rmi.org/a-severe-winter-means-high-energy-bills/","24","https://rmi.org/invest-in-youth-to-ramp-up-clean-energy-transition/","Chart - NA","0","Question - NA","0","Events - https://rmi.org/events/","37","0.053","24",NA,NA,NA,NA,NA,NA,NA,NA,NA,NA,NA,NA,NA,NA,NA,NA,NA,NA,NA,NA,NA,NA,NA,NA,NA,NA
"10","NL 2023-01-29 Upcoming Events","https://rmi.org/about/","12",NA,NA,NA,NA,NA,NA,NA,NA,NA,NA,NA,"Chart - NA","0","Question - NA","0","Events - https://rmi.org/events/","249","0.015",NA,NA,NA,NA,NA,NA,NA,NA,NA,NA,NA,NA,NA,NA,NA,NA,NA,NA,NA,NA,NA,NA,NA,NA,NA,NA,NA
"11","NL 2023-02-02 Spark","https://rmi.org/cryptocurrencys-energy-consumption-problem/","148","https://rmi.org/how-to-get-your-local-government-to-100-percent-clean-electricity/","134","https://rmi.org/stop-burning-money/","58","https://rmi.org/press-release/rmi-rolls-out-community-electrification-model-to-accelerate-energy-rural-economic-growth-in-nigeria/","10",NA,NA,NA,NA,NA,"Chart - NA","0","Question - NA","0","Events - https://rmi.org/events/","31","0.043",NA,NA,NA,NA,NA,NA,NA,NA,NA,NA,NA,NA,NA,NA,NA,NA,NA,NA,NA,NA,NA,NA,NA,NA,NA,NA,NA
"12","NL 2023-02-02 Spark","https://rmi.org/cryptocurrencys-energy-consumption-problem/","141","https://rmi.org/insight/population-attributable-fraction-of-gas-stoves-and-childhood-asthma-in-the-united-states/","120","https://rmi.org/stop-burning-money/","104","https://rmi.org/press-release/rmi-rolls-out-community-electrification-model-to-accelerate-energy-rural-economic-growth-in-nigeria/","14",NA,NA,NA,NA,NA,"Chart - NA","0","Question - NA","0","Events - https://rmi.org/events/","26","0.052",NA,NA,NA,NA,NA,NA,NA,NA,NA,NA,NA,NA,NA,NA,NA,NA,NA,NA,NA,NA,NA,NA,NA,NA,NA,NA,NA
"13","NL 2023-02-02 Spark","https://rmi.org/cryptocurrencys-energy-consumption-problem/","314","https://rmi.org/insight/population-attributable-fraction-of-gas-stoves-and-childhood-asthma-in-the-united-states/","225","https://rmi.org/stop-burning-money/","180","https://rmi.org/press-release/rmi-rolls-out-community-electrification-model-to-accelerate-energy-rural-economic-growth-in-nigeria/","19",NA,NA,NA,NA,NA,"Chart - NA","0","Question - NA","0","Events - https://rmi.org/events/","46","0.047",NA,NA,NA,NA,NA,NA,NA,NA,NA,NA,NA,NA,NA,NA,NA,NA,NA,NA,NA,NA,NA,NA,NA,NA,NA,NA,NA
"14","NL 2023-02-05 Upcoming Events","https://rmi.org/about/","9",NA,NA,NA,NA,NA,NA,NA,NA,NA,NA,NA,"Chart - NA","0","Question - NA","0","Events - https://rmi.org/events/","280","0.016",NA,NA,NA,NA,NA,NA,NA,NA,NA,NA,NA,NA,NA,NA,NA,NA,NA,NA,NA,NA,NA,NA,NA,NA,NA,NA,NA
"15","NL 2023-02-09 Spark","https://rmi.org/clean-energy-101-methane-detecting-satellites/","199","https://rmi.org/five-ways-to-finance-early-coal-phaseout/","100","https://rmi.org/five-key-climate-solutions/","91","https://rmi.org/economic-tides-just-turned-for-states/","90","https://rmi.org/energy-policy-simulator/","34","https://rmi.org/clean-energy-101-carbon-accounting/","32","https://rmi.org/how-to-get-your-local-government-to-100-percent-clean-electricity/","Chart - NA","0","Question - NA","0","Events - https://rmi.org/events/","19","0.072","21","https://rmi.org/how-the-second-largest-us-utility-can-cut-both-costs-and-carbon/","20","https://rmi.org/insight/transforming-existing-buildings-from-climate-liabilities-to-climate-assets/","20","https://rmi.org/ira-implementation-guidance-states/","18","https://rmi.org/meet-rmis-ceo/","16","https://rmi.org/insight/intel-from-above-spotting-methane-super-emitters-with-satellites/","14","https://rmi.org/more-women-in-science-and-leadership-for-an-equitable-clean-energy-workforce/","13","https://rmi.org/insight/accounting-for-impact/","12",NA,NA,NA,NA,NA,NA,NA,NA,NA,NA,NA,NA
"16","NL 2023-02-09 Spark","https://rmi.org/clean-energy-101-methane-detecting-satellites/","169","https://rmi.org/economic-tides-just-turned-for-states/","122","https://rmi.org/five-ways-to-finance-early-coal-phaseout/","112","https://rmi.org/five-key-climate-solutions/","98","https://rmi.org/clean-energy-101-carbon-accounting/","36","https://rmi.org/energy-policy-simulator/","30","https://rmi.org/how-to-get-your-local-government-to-100-percent-clean-electricity/","Chart - NA","0","Question - NA","0","Events - https://rmi.org/events/","20","0.035","25","https://rmi.org/insight/transforming-existing-buildings-from-climate-liabilities-to-climate-assets/","21","https://rmi.org/how-the-second-largest-us-utility-can-cut-both-costs-and-carbon/","16","https://rmi.org/insight/intel-from-above-spotting-methane-super-emitters-with-satellites/","15","https://rmi.org/ira-implementation-guidance-states/","13","https://rmi.org/more-women-in-science-and-leadership-for-an-equitable-clean-energy-workforce/","12","https://rmi.org/insight/accounting-for-impact/","10","https://rmi.org/meet-rmis-ceo/","9",NA,NA,NA,NA,NA,NA,NA,NA,NA,NA,NA,NA
"17","NL 2023-02-09 Spark","https://rmi.org/clean-energy-101-methane-detecting-satellites/","366","https://rmi.org/economic-tides-just-turned-for-states/","237","https://rmi.org/five-ways-to-finance-early-coal-phaseout/","193","https://rmi.org/five-key-climate-solutions/","146","https://rmi.org/clean-energy-101-carbon-accounting/","52","https://rmi.org/energy-policy-simulator/","47","https://rmi.org/how-the-second-largest-us-utility-can-cut-both-costs-and-carbon/","Chart - NA","0","Question - NA","0","Events - https://rmi.org/events/","21","0.04","35","https://rmi.org/how-to-get-your-local-government-to-100-percent-clean-electricity/","28","https://rmi.org/insight/transforming-existing-buildings-from-climate-liabilities-to-climate-assets/","27","https://rmi.org/ira-implementation-guidance-states/","27","https://rmi.org/more-women-in-science-and-leadership-for-an-equitable-clean-energy-workforce/","25","https://rmi.org/insight/intel-from-above-spotting-methane-super-emitters-with-satellites/","18","https://rmi.org/meet-rmis-ceo/","18","https://rmi.org/insight/accounting-for-impact/","8",NA,NA,NA,NA,NA,NA,NA,NA,NA,NA,NA,NA
"18","NL 2023-02-12 Upcoming Events","https://rmi.org/about/","2",NA,NA,NA,NA,NA,NA,NA,NA,NA,NA,NA,"Chart - NA","0","Question - NA","0","Events - https://rmi.org/events/","44","0.044",NA,NA,NA,NA,NA,NA,NA,NA,NA,NA,NA,NA,NA,NA,NA,NA,NA,NA,NA,NA,NA,NA,NA,NA,NA,NA,NA
"19","NL 2023-02-12 Upcoming Events","https://rmi.org/about/","3",NA,NA,NA,NA,NA,NA,NA,NA,NA,NA,NA,"Chart - NA","0","Question - NA","0","Events - https://rmi.org/events/","62","0.03",NA,NA,NA,NA,NA,NA,NA,NA,NA,NA,NA,NA,NA,NA,NA,NA,NA,NA,NA,NA,NA,NA,NA,NA,NA,NA,NA
"20","NL 2023-02-12 Upcoming Events","https://rmi.org/about/","2",NA,NA,NA,NA,NA,NA,NA,NA,NA,NA,NA,"Chart - NA","0","Question - NA","0","Events - https://rmi.org/events/","117","0",NA,NA,NA,NA,NA,NA,NA,NA,NA,NA,NA,NA,NA,NA,NA,NA,NA,NA,NA,NA,NA,NA,NA,NA,NA,NA,NA
"21","NL 2023-02-16 Spark","https://rmi.org/insight/realizing-the-green-jobs-promise/","125","https://rmi.org/clean-energy-101-carbon-accounting/","94","https://rmi.org/gas-stoves-health-climate-asthma-risk/","92","https://rmi.org/narrowing-the-solar-equity-gap-through-solarize/","23","https://rmi.org/insight/transforming-indias-electricity-markets/","12","https://rmi.org/perspectives-from-an-rmi-summer-intern/","12",NA,"Chart - https://rmi.org/insight/realizing-the-green-jobs-promise/","41","Question - NA","0","Events - https://rmi.org/events/","23","0.038",NA,NA,NA,NA,NA,NA,NA,NA,NA,NA,NA,NA,NA,NA,NA,NA,NA,NA,NA,NA,NA,NA,NA,NA,NA,NA,NA
"22","NL 2023-02-16 Spark","https://rmi.org/insight/realizing-the-green-jobs-promise/","140","https://rmi.org/clean-energy-101-carbon-accounting/","117","https://rmi.org/narrowing-the-solar-equity-gap-through-solarize/","78","https://rmi.org/gas-stoves-health-climate-asthma-risk/","23","https://rmi.org/insight/transforming-indias-electricity-markets/","15","https://rmi.org/perspectives-from-an-rmi-summer-intern/","12",NA,"Chart - https://rmi.org/insight/realizing-the-green-jobs-promise/","36","Question - NA","0","Events - https://rmi.org/events/","34","0.041",NA,NA,NA,NA,NA,NA,NA,NA,NA,NA,NA,NA,NA,NA,NA,NA,NA,NA,NA,NA,NA,NA,NA,NA,NA,NA,NA
"23","NL 2023-02-16 Spark","https://rmi.org/insight/realizing-the-green-jobs-promise/","280","https://rmi.org/clean-energy-101-carbon-accounting/","235","https://rmi.org/gas-stoves-health-climate-asthma-risk/","222","https://rmi.org/narrowing-the-solar-equity-gap-through-solarize/","47","https://rmi.org/insight/transforming-indias-electricity-markets/","20","https://rmi.org/perspectives-from-an-rmi-summer-intern/","20",NA,"Chart - https://rmi.org/insight/realizing-the-green-jobs-promise/","96","Question - NA","0","Events - https://rmi.org/events/","50","0.052",NA,NA,NA,NA,NA,NA,NA,NA,NA,NA,NA,NA,NA,NA,NA,NA,NA,NA,NA,NA,NA,NA,NA,NA,NA,NA,NA
"24","NL 2023-02-19 Upcoming Events","https://rmi.org/scaling-solutions/","8",NA,NA,NA,NA,NA,NA,NA,NA,NA,NA,NA,"Chart - NA","0","Question - NA","0","Events - https://rmi.org/events/","290","0.011",NA,NA,NA,NA,NA,NA,NA,NA,NA,NA,NA,NA,NA,NA,NA,NA,NA,NA,NA,NA,NA,NA,NA,NA,NA,NA,NA
"25","NL 2023-02-23 Spark","https://rmi.org/clean-energy-101-reducing-climate-pollution-from-the-plastics-industry/","177","https://rmi.org/wasted-wind-and-tenable-transmission-during-winter-storm-elliott/","100","https://rmi.org/dispatch-from-nigeria/","70",NA,NA,NA,NA,NA,NA,NA,"Chart - https://rmi.org/clean-energy-101-reducing-climate-pollution-from-the-plastics-industry/","112","Question - NA","0","Events - https://rmi.org/events/","32","0.036",NA,NA,NA,NA,NA,NA,NA,NA,NA,NA,NA,NA,NA,NA,NA,NA,NA,NA,NA,NA,NA,NA,NA,NA,NA,NA,NA
"26","NL 2023-02-23 Spark","https://rmi.org/clean-energy-101-reducing-climate-pollution-from-the-plastics-industry/","175","https://rmi.org/wasted-wind-and-tenable-transmission-during-winter-storm-elliott/","86","https://rmi.org/dispatch-from-nigeria/","53",NA,NA,NA,NA,NA,NA,NA,"Chart - https://rmi.org/clean-energy-101-reducing-climate-pollution-from-the-plastics-industry/","79","Question - NA","0","Events - https://rmi.org/events/","23","0.033",NA,NA,NA,NA,NA,NA,NA,NA,NA,NA,NA,NA,NA,NA,NA,NA,NA,NA,NA,NA,NA,NA,NA,NA,NA,NA,NA
"27","NL 2023-02-23 Spark","https://rmi.org/clean-energy-101-reducing-climate-pollution-from-the-plastics-industry/","364","https://rmi.org/wasted-wind-and-tenable-transmission-during-winter-storm-elliott/","160","https://rmi.org/dispatch-from-nigeria/","117",NA,NA,NA,NA,NA,NA,NA,"Chart - https://rmi.org/clean-energy-101-reducing-climate-pollution-from-the-plastics-industry/","154","Question - NA","0","Events - https://rmi.org/events/","49","0.038",NA,NA,NA,NA,NA,NA,NA,NA,NA,NA,NA,NA,NA,NA,NA,NA,NA,NA,NA,NA,NA,NA,NA,NA,NA,NA,NA
"28","NL 2023-02-26 Upcoming Events","https://rmi.org/scaling-solutions/","2",NA,NA,NA,NA,NA,NA,NA,NA,NA,NA,NA,"Chart - NA","0","Question - NA","0","Events - https://rmi.org/events/","321","0.012",NA,NA,NA,NA,NA,NA,NA,NA,NA,NA,NA,NA,NA,NA,NA,NA,NA,NA,NA,NA,NA,NA,NA,NA,NA,NA,NA
"29","NL 2023-03-02 Spark","https://rmi.org/navigating-financial-industry-blurred-lines-between-climate-commitments-and-greenwash/","201","https://rmi.org/hydrogen-credit-catalyst/","132","https://rmi.org/women-making-change/","49","https://rmi.org/press-release/indias-proposed-economic-dispatch-mechanism-aims-to-optimize-power-sector-resources/","7","https://rmi.org/wholesale-electricity-market-reforms-can-help-india-achieve-its-national-climate-targets/","6",NA,NA,NA,"Chart - https://rmi.org/hydrogen-credit-catalyst/","61","Question - NA","0","Events - https://rmi.org/events/","12","0.029",NA,NA,NA,NA,NA,NA,NA,NA,NA,NA,NA,NA,NA,NA,NA,NA,NA,NA,NA,NA,NA,NA,NA,NA,NA,NA,NA
"30","NL 2023-03-02 Spark","https://rmi.org/navigating-financial-industry-blurred-lines-between-climate-commitments-and-greenwash/","179","https://rmi.org/hydrogen-credit-catalyst/","154","https://rmi.org/women-making-change/","56","https://rmi.org/wholesale-electricity-market-reforms-can-help-india-achieve-its-national-climate-targets/","11","https://rmi.org/press-release/indias-proposed-economic-dispatch-mechanism-aims-to-optimize-power-sector-resources/","8",NA,NA,NA,"Chart - https://rmi.org/navigating-financial-industry-blurred-lines-between-climate-commitments-and-greenwash/","33","Question - NA","0","Events - https://rmi.org/events/","13","0.05",NA,NA,NA,NA,NA,NA,NA,NA,NA,NA,NA,NA,NA,NA,NA,NA,NA,NA,NA,NA,NA,NA,NA,NA,NA,NA,NA
"31","NL 2023-03-02 Spark","https://rmi.org/navigating-financial-industry-blurred-lines-between-climate-commitments-and-greenwash/","360","https://rmi.org/hydrogen-credit-catalyst/","271","https://rmi.org/women-making-change/","136","https://rmi.org/press-release/indias-proposed-economic-dispatch-mechanism-aims-to-optimize-power-sector-resources/","27","https://rmi.org/wholesale-electricity-market-reforms-can-help-india-achieve-its-national-climate-targets/","23",NA,NA,NA,"Chart - https://rmi.org/hydrogen-credit-catalyst/","138","Question - NA","0","Events - https://rmi.org/events/","46","0.037",NA,NA,NA,NA,NA,NA,NA,NA,NA,NA,NA,NA,NA,NA,NA,NA,NA,NA,NA,NA,NA,NA,NA,NA,NA,NA,NA
"32","NL 2023-03-05 Upcoming Events",NA,NA,NA,NA,NA,NA,NA,NA,NA,NA,NA,NA,NA,"Chart - NA","0","Question - NA","0","Events - https://rmi.org/events/","58","0.009",NA,NA,NA,NA,NA,NA,NA,NA,NA,NA,NA,NA,NA,NA,NA,NA,NA,NA,NA,NA,NA,NA,NA,NA,NA,NA,NA
"33","NL 2023-03-05 Upcoming Events",NA,NA,NA,NA,NA,NA,NA,NA,NA,NA,NA,NA,NA,"Chart - NA","0","Question - NA","0","Events - https://rmi.org/events/","62","0.02",NA,NA,NA,NA,NA,NA,NA,NA,NA,NA,NA,NA,NA,NA,NA,NA,NA,NA,NA,NA,NA,NA,NA,NA,NA,NA,NA
"34","NL 2023-03-05 Upcoming Events",NA,NA,NA,NA,NA,NA,NA,NA,NA,NA,NA,NA,NA,"Chart - NA","0","Question - NA","0","Events - https://rmi.org/events/","87","0.012",NA,NA,NA,NA,NA,NA,NA,NA,NA,NA,NA,NA,NA,NA,NA,NA,NA,NA,NA,NA,NA,NA,NA,NA,NA,NA,NA
"35","NL 2023-03-09 Spark","https://rmi.org/ev-batteries-101-the-basics/","313","https://rmi.org/new-jersey-just-announced-big-climate-actions-how-far-do-they-go/","85","https://rmi.org/closing-the-gender-gap-in-the-climate-change-space/","35","https://rmi.org/ev-batteries-101-supply-chains/","32","https://rmi.org/insight/exploring-chinas-pathway-to-a-new-power-system/","19","https://rmi.org/insight/northwestern-china-power-system-decarbonization/","16",NA,"Chart - https://rmi.org/new-jersey-just-announced-big-climate-actions-how-far-do-they-go/","19","Question - NA","0","Events - https://rmi.org/events/","28","0.017",NA,NA,NA,NA,NA,NA,NA,NA,NA,NA,NA,NA,NA,NA,NA,NA,NA,NA,NA,NA,NA,NA,NA,NA,NA,NA,NA
"36","NL 2023-03-09 Spark","https://rmi.org/ev-batteries-101-the-basics/","336","https://rmi.org/new-jersey-just-announced-big-climate-actions-how-far-do-they-go/","85","https://rmi.org/ev-batteries-101-supply-chains/","31","https://rmi.org/closing-the-gender-gap-in-the-climate-change-space/","30","https://rmi.org/insight/exploring-chinas-pathway-to-a-new-power-system/","11","https://rmi.org/insight/northwestern-china-power-system-decarbonization/","5",NA,"Chart - https://rmi.org/new-jersey-just-announced-big-climate-actions-how-far-do-they-go/","21","Question - NA","0","Events - https://rmi.org/events/","26","0.026",NA,NA,NA,NA,NA,NA,NA,NA,NA,NA,NA,NA,NA,NA,NA,NA,NA,NA,NA,NA,NA,NA,NA,NA,NA,NA,NA
"37","NL 2023-03-09 Spark","https://rmi.org/ev-batteries-101-the-basics/","677","https://rmi.org/new-jersey-just-announced-big-climate-actions-how-far-do-they-go/","165","https://rmi.org/ev-batteries-101-supply-chains/","89","https://rmi.org/closing-the-gender-gap-in-the-climate-change-space/","74","https://rmi.org/insight/exploring-chinas-pathway-to-a-new-power-system/","32","https://rmi.org/insight/northwestern-china-power-system-decarbonization/","19",NA,"Chart - https://rmi.org/new-jersey-just-announced-big-climate-actions-how-far-do-they-go/","43","Question - NA","0","Events - https://rmi.org/events/","77","0.04",NA,NA,NA,NA,NA,NA,NA,NA,NA,NA,NA,NA,NA,NA,NA,NA,NA,NA,NA,NA,NA,NA,NA,NA,NA,NA,NA
"38","NL 2023-03-12 Upcoming Events",NA,NA,NA,NA,NA,NA,NA,NA,NA,NA,NA,NA,NA,"Chart - NA","0","Question - NA","0","Events - https://rmi.org/events/","55","0",NA,NA,NA,NA,NA,NA,NA,NA,NA,NA,NA,NA,NA,NA,NA,NA,NA,NA,NA,NA,NA,NA,NA,NA,NA,NA,NA
"39","NL 2023-03-12 Upcoming Events",NA,NA,NA,NA,NA,NA,NA,NA,NA,NA,NA,NA,NA,"Chart - NA","0","Question - NA","0","Events - https://rmi.org/events/","99","0.015",NA,NA,NA,NA,NA,NA,NA,NA,NA,NA,NA,NA,NA,NA,NA,NA,NA,NA,NA,NA,NA,NA,NA,NA,NA,NA,NA
"40","NL 2023-03-12 Upcoming Events",NA,NA,NA,NA,NA,NA,NA,NA,NA,NA,NA,NA,NA,"Chart - NA","0","Question - NA","0","Events - https://rmi.org/events/","205","0.013",NA,NA,NA,NA,NA,NA,NA,NA,NA,NA,NA,NA,NA,NA,NA,NA,NA,NA,NA,NA,NA,NA,NA,NA,NA,NA,NA
"41","NL 2023-03-16 Spark","https://rmi.org/ev-batteries-101-supply-chains/","149","https://rmi.org/a-matter-of-time-three-ways-to-clarify-emissions-data/","116","https://rmi.org/from-rmi-interns-to-pioneers-in-financial-sector-sustainability/","44","https://rmi.org/press-release/rmi-and-the-energy-transitions-commission-release-report-outlining-investment-ready-options-for-us-steelmakers-to-make-the-leap-to-green-steel-production/","22","https://rmi.org/insight/unlocking-first-wave-of-breakthrough-steel-investments-in-the-united-states/","21","https://rmi.org/reg-lab/","8","https://rmi.org/forging-a-clean-steel-economy-in-the-united-states/","Chart - https://rmi.org/forging-a-clean-steel-economy-in-the-united-states/","49","Question - NA","0","Events - https://rmi.org/events/","28","0.056","3",NA,NA,NA,NA,NA,NA,NA,NA,NA,NA,NA,NA,NA,NA,NA,NA,NA,NA,NA,NA,NA,NA,NA,NA,NA,NA
"42","NL 2023-03-16 Spark","https://rmi.org/ev-batteries-101-supply-chains/","161","https://rmi.org/a-matter-of-time-three-ways-to-clarify-emissions-data/","89","https://rmi.org/from-rmi-interns-to-pioneers-in-financial-sector-sustainability/","55","https://rmi.org/insight/unlocking-first-wave-of-breakthrough-steel-investments-in-the-united-states/","22","https://rmi.org/press-release/rmi-and-the-energy-transitions-commission-release-report-outlining-investment-ready-options-for-us-steelmakers-to-make-the-leap-to-green-steel-production/","14","https://rmi.org/reg-lab/","10","https://rmi.org/forging-a-clean-steel-economy-in-the-united-states/","Chart - https://rmi.org/forging-a-clean-steel-economy-in-the-united-states/","48","Question - NA","0","Events - https://rmi.org/events/","36","0.064","4",NA,NA,NA,NA,NA,NA,NA,NA,NA,NA,NA,NA,NA,NA,NA,NA,NA,NA,NA,NA,NA,NA,NA,NA,NA,NA
"43","NL 2023-03-16 Spark","https://rmi.org/ev-batteries-101-supply-chains/","287","https://rmi.org/a-matter-of-time-three-ways-to-clarify-emissions-data/","227","https://rmi.org/from-rmi-interns-to-pioneers-in-financial-sector-sustainability/","97","https://rmi.org/insight/unlocking-first-wave-of-breakthrough-steel-investments-in-the-united-states/","26","https://rmi.org/press-release/rmi-and-the-energy-transitions-commission-release-report-outlining-investment-ready-options-for-us-steelmakers-to-make-the-leap-to-green-steel-production/","24","https://rmi.org/reg-lab/","16","https://rmi.org/forging-a-clean-steel-economy-in-the-united-states/","Chart - https://rmi.org/forging-a-clean-steel-economy-in-the-united-states/","108","Question - NA","0","Events - https://rmi.org/events/","81","0.029","1",NA,NA,NA,NA,NA,NA,NA,NA,NA,NA,NA,NA,NA,NA,NA,NA,NA,NA,NA,NA,NA,NA,NA,NA,NA,NA
"44","NL 2023-03-19 Upcoming Events",NA,NA,NA,NA,NA,NA,NA,NA,NA,NA,NA,NA,NA,"Chart - NA","0","Question - NA","0","Events - https://rmi.org/events/","89","0.029",NA,NA,NA,NA,NA,NA,NA,NA,NA,NA,NA,NA,NA,NA,NA,NA,NA,NA,NA,NA,NA,NA,NA,NA,NA,NA,NA
"45","NL 2023-03-19 Upcoming Events",NA,NA,NA,NA,NA,NA,NA,NA,NA,NA,NA,NA,NA,"Chart - NA","0","Question - NA","0","Events - https://rmi.org/events/","72","0",NA,NA,NA,NA,NA,NA,NA,NA,NA,NA,NA,NA,NA,NA,NA,NA,NA,NA,NA,NA,NA,NA,NA,NA,NA,NA,NA
"46","NL 2023-03-19 Upcoming Events",NA,NA,NA,NA,NA,NA,NA,NA,NA,NA,NA,NA,NA,"Chart - NA","0","Question - NA","0","Events - https://rmi.org/events/","186","0.01",NA,NA,NA,NA,NA,NA,NA,NA,NA,NA,NA,NA,NA,NA,NA,NA,NA,NA,NA,NA,NA,NA,NA,NA,NA,NA,NA
"47","NL 2023-03-23 Spark","https://rmi.org/forging-a-clean-steel-economy-in-the-united-states/","310","https://rmi.org/increased-spending-on-transmission-in-pjm-is-it-the-right-type-of-line/","113","https://rmi.org/feds-climate-tests-are-missing-the-next-big-failure/","76","https://rmi.org/silicon-valley-bank-placed-some-risky-bets-but-climate-tech-wasnt-one-of-them/","13",NA,NA,NA,NA,NA,"Chart - NA","0","Question - NA","0","Events - https://rmi.org/events/","32","0.036",NA,NA,NA,NA,NA,NA,NA,NA,NA,NA,NA,NA,NA,NA,NA,NA,NA,NA,NA,NA,NA,NA,NA,NA,NA,NA,NA
"48","NL 2023-03-23 Spark","https://rmi.org/forging-a-clean-steel-economy-in-the-united-states/","298","https://rmi.org/increased-spending-on-transmission-in-pjm-is-it-the-right-type-of-line/","105","https://rmi.org/feds-climate-tests-are-missing-the-next-big-failure/","63","https://rmi.org/silicon-valley-bank-placed-some-risky-bets-but-climate-tech-wasnt-one-of-them/","11",NA,NA,NA,NA,NA,"Chart - NA","0","Question - NA","0","Events - https://rmi.org/events/","22","0.027",NA,NA,NA,NA,NA,NA,NA,NA,NA,NA,NA,NA,NA,NA,NA,NA,NA,NA,NA,NA,NA,NA,NA,NA,NA,NA,NA
"49","NL 2023-03-23 Spark","https://rmi.org/forging-a-clean-steel-economy-in-the-united-states/","631","https://rmi.org/increased-spending-on-transmission-in-pjm-is-it-the-right-type-of-line/","176","https://rmi.org/feds-climate-tests-are-missing-the-next-big-failure/","124","https://rmi.org/silicon-valley-bank-placed-some-risky-bets-but-climate-tech-wasnt-one-of-them/","24",NA,NA,NA,NA,NA,"Chart - NA","0","Question - NA","0","Events - https://rmi.org/events/","46","0.031",NA,NA,NA,NA,NA,NA,NA,NA,NA,NA,NA,NA,NA,NA,NA,NA,NA,NA,NA,NA,NA,NA,NA,NA,NA,NA,NA
"50","NL 2023-03-26 Upcoming Events",NA,NA,NA,NA,NA,NA,NA,NA,NA,NA,NA,NA,NA,"Chart - NA","0","Question - NA","0","Events - https://rmi.org/events/","45","0",NA,NA,NA,NA,NA,NA,NA,NA,NA,NA,NA,NA,NA,NA,NA,NA,NA,NA,NA,NA,NA,NA,NA,NA,NA,NA,NA
"51","NL 2023-03-26 Upcoming Events",NA,NA,NA,NA,NA,NA,NA,NA,NA,NA,NA,NA,NA,"Chart - NA","0","Question - NA","0","Events - https://rmi.org/events/","94","0.008",NA,NA,NA,NA,NA,NA,NA,NA,NA,NA,NA,NA,NA,NA,NA,NA,NA,NA,NA,NA,NA,NA,NA,NA,NA,NA,NA
"52","NL 2023-03-26 Upcoming Events",NA,NA,NA,NA,NA,NA,NA,NA,NA,NA,NA,NA,NA,"Chart - NA","0","Question - NA","0","Events - https://rmi.org/events/","176","0.01",NA,NA,NA,NA,NA,NA,NA,NA,NA,NA,NA,NA,NA,NA,NA,NA,NA,NA,NA,NA,NA,NA,NA,NA,NA,NA,NA
"53","NL 2023-03-30 Spark","https://rmi.org/clean-energy-101-geothermal-heat-pumps/","347","https://rmi.org/embodied-carbon-101/","126","https://rmi.org/stories-of-hope-applied/","65","https://rmi.org/insight/hidden-climate-impact-of-residential-construction/","24","https://rmi.org/how-renewable-energy-can-revolutionize-indias-real-estate-sector/","18","https://rmi.org/insight/we-can-cut-petrochemicals-use-today/","16","https://rmi.org/insight/decarbonising-the-indian-steel-industry/","Chart - https://rmi.org/insight/we-can-cut-petrochemicals-use-today/","119","Question - NA","0","Events - https://rmi.org/events/","18","0.03","15",NA,NA,NA,NA,NA,NA,NA,NA,NA,NA,NA,NA,NA,NA,NA,NA,NA,NA,NA,NA,NA,NA,NA,NA,NA,NA
"54","NL 2023-03-30 Spark","https://rmi.org/clean-energy-101-geothermal-heat-pumps/","381","https://rmi.org/embodied-carbon-101/","109","https://rmi.org/stories-of-hope-applied/","71","https://rmi.org/insight/hidden-climate-impact-of-residential-construction/","35","https://rmi.org/insight/decarbonising-the-indian-steel-industry/","14","https://rmi.org/insight/we-can-cut-petrochemicals-use-today/","14","https://rmi.org/how-renewable-energy-can-revolutionize-indias-real-estate-sector/","Chart - https://rmi.org/insight/we-can-cut-petrochemicals-use-today/","110","Question - NA","0","Events - https://rmi.org/events/","39","0.039","12",NA,NA,NA,NA,NA,NA,NA,NA,NA,NA,NA,NA,NA,NA,NA,NA,NA,NA,NA,NA,NA,NA,NA,NA,NA,NA
"55","NL 2023-03-30 Spark","https://rmi.org/clean-energy-101-geothermal-heat-pumps/","758","https://rmi.org/embodied-carbon-101/","192","https://rmi.org/stories-of-hope-applied/","130","https://rmi.org/insight/hidden-climate-impact-of-residential-construction/","57","https://rmi.org/how-renewable-energy-can-revolutionize-indias-real-estate-sector/","33","https://rmi.org/insight/we-can-cut-petrochemicals-use-today/","29","https://rmi.org/insight/decarbonising-the-indian-steel-industry/","Chart - https://rmi.org/insight/we-can-cut-petrochemicals-use-today/","221","Question - NA","0","Events - https://rmi.org/events/","66","0.037","19",NA,NA,NA,NA,NA,NA,NA,NA,NA,NA,NA,NA,NA,NA,NA,NA,NA,NA,NA,NA,NA,NA,NA,NA,NA,NA
"56","NL 2023-04-02 Upcoming Events",NA,NA,NA,NA,NA,NA,NA,NA,NA,NA,NA,NA,NA,"Chart - NA","0","Question - NA","0","Events - https://rmi.org/events/","365","0.01",NA,NA,NA,NA,NA,NA,NA,NA,NA,NA,NA,NA,NA,NA,NA,NA,NA,NA,NA,NA,NA,NA,NA,NA,NA,NA,NA
"57","NL 2023-04-06 Spark","https://rmi.org/cutting-pollution-while-strengthening-local-economies/","168","https://rmi.org/oci-update-tackling-methane-in-the-oil-and-gas-sector/","103","https://rmi.org/states-will-determine-the-future-of-us-transportation/","71","https://rmi.org/india-aims-to-become-a-green-hydrogen-leader/","24",NA,NA,NA,NA,NA,"Chart - NA","0","Question - NA","0","Events - https://rmi.org/events/","30","0.041",NA,NA,NA,NA,NA,NA,NA,NA,NA,NA,NA,NA,NA,NA,NA,NA,NA,NA,NA,NA,NA,NA,NA,NA,NA,NA,NA
"58","NL 2023-04-06 Spark","https://rmi.org/cutting-pollution-while-strengthening-local-economies/","153","https://rmi.org/oci-update-tackling-methane-in-the-oil-and-gas-sector/","118","https://rmi.org/states-will-determine-the-future-of-us-transportation/","75","https://rmi.org/india-aims-to-become-a-green-hydrogen-leader/","26",NA,NA,NA,NA,NA,"Chart - NA","0","Question - NA","0","Events - https://rmi.org/events/","46","0.05",NA,NA,NA,NA,NA,NA,NA,NA,NA,NA,NA,NA,NA,NA,NA,NA,NA,NA,NA,NA,NA,NA,NA,NA,NA,NA,NA
"59","NL 2023-04-06 Spark","https://rmi.org/cutting-pollution-while-strengthening-local-economies/","326","https://rmi.org/oci-update-tackling-methane-in-the-oil-and-gas-sector/","203","https://rmi.org/states-will-determine-the-future-of-us-transportation/","124","https://rmi.org/india-aims-to-become-a-green-hydrogen-leader/","28",NA,NA,NA,NA,NA,"Chart - NA","0","Question - NA","0","Events - https://rmi.org/events/","71","0.039",NA,NA,NA,NA,NA,NA,NA,NA,NA,NA,NA,NA,NA,NA,NA,NA,NA,NA,NA,NA,NA,NA,NA,NA,NA,NA,NA
"60","NL 2023-04-09 Upcoming Events",NA,NA,NA,NA,NA,NA,NA,NA,NA,NA,NA,NA,NA,"Chart - NA","0","Question - NA","0","Events - https://rmi.org/events/","386","0.013",NA,NA,NA,NA,NA,NA,NA,NA,NA,NA,NA,NA,NA,NA,NA,NA,NA,NA,NA,NA,NA,NA,NA,NA,NA,NA,NA
"61","NL 2023-04-13 Spark","https://rmi.org/breaking-down-the-inflation-reduction-act-program-by-program-incentive-by-incentive/","206","https://rmi.org/insight/urban-land-use-reform/","179","https://rmi.org/utilities-need-investments-to-decarbonize-investors-need-accountability/","68","https://rmi.org/insight/power-sector-implementation-of-a-country-coal-to-clean-transition/","18",NA,NA,NA,NA,NA,"Chart - https://rmi.org/utilities-need-investments-to-decarbonize-investors-need-accountability/","51","Question - NA","0","Events - https://rmi.org/events/","21","0.033",NA,NA,NA,NA,NA,NA,NA,NA,NA,NA,NA,NA,NA,NA,NA,NA,NA,NA,NA,NA,NA,NA,NA,NA,NA,NA,NA
"62","NL 2023-04-13 Spark","https://rmi.org/breaking-down-the-inflation-reduction-act-program-by-program-incentive-by-incentive/","211","https://rmi.org/insight/urban-land-use-reform/","170","https://rmi.org/utilities-need-investments-to-decarbonize-investors-need-accountability/","61","https://rmi.org/insight/power-sector-implementation-of-a-country-coal-to-clean-transition/","16",NA,NA,NA,NA,NA,"Chart - https://rmi.org/utilities-need-investments-to-decarbonize-investors-need-accountability/","49","Question - NA","0","Events - https://rmi.org/events/","22","0.042",NA,NA,NA,NA,NA,NA,NA,NA,NA,NA,NA,NA,NA,NA,NA,NA,NA,NA,NA,NA,NA,NA,NA,NA,NA,NA,NA
"63","NL 2023-04-13 Spark","https://rmi.org/breaking-down-the-inflation-reduction-act-program-by-program-incentive-by-incentive/","440","https://rmi.org/insight/urban-land-use-reform/","327","https://rmi.org/utilities-need-investments-to-decarbonize-investors-need-accountability/","140","https://rmi.org/insight/power-sector-implementation-of-a-country-coal-to-clean-transition/","36",NA,NA,NA,NA,NA,"Chart - https://rmi.org/utilities-need-investments-to-decarbonize-investors-need-accountability/","121","Question - NA","0","Events - https://rmi.org/events/","44","0.036",NA,NA,NA,NA,NA,NA,NA,NA,NA,NA,NA,NA,NA,NA,NA,NA,NA,NA,NA,NA,NA,NA,NA,NA,NA,NA,NA
"64","NL 2023-04-16 Upcoming Events",NA,NA,NA,NA,NA,NA,NA,NA,NA,NA,NA,NA,NA,"Chart - NA","0","Question - NA","0","Events - https://rmi.org/events/","209","0",NA,NA,NA,NA,NA,NA,NA,NA,NA,NA,NA,NA,NA,NA,NA,NA,NA,NA,NA,NA,NA,NA,NA,NA,NA,NA,NA
"65","NL 2023-04-20 Spark","https://rmi.org/wind-and-solar-are-saving-texans-20-million-a-day/","297","https://rmi.org/economic-tides-just-turned-for-states/","221","https://rmi.org/forging-a-clean-steel-economy-in-the-united-states/","178","https://rmi.org/5-steps-to-electrify-your-home/","172","https://rmi.org/clean-energy-101-heat-pumps/","133","https://rmi.org/ev-batteries-101-the-basics/","119","https://rmi.org/clean-energy-101-hydrogen/","Chart - NA","0","Question - NA","0","Events - https://rmi.org/events/","31","0.08","102","https://rmi.org/unlocking-climate-finance-in-the-pacific/","96","https://rmi.org/embodied-carbon-101/","80","https://rmi.org/clean-energy-101-electric-trucks/","64","https://rmi.org/clean-energy-101-the-rec-market/","64",NA,NA,NA,NA,NA,NA,NA,NA,NA,NA,NA,NA,NA,NA,NA,NA,NA,NA
"66","NL 2023-04-23 Upcoming Events",NA,NA,NA,NA,NA,NA,NA,NA,NA,NA,NA,NA,NA,"Chart - NA","0","Question - NA","0","Events - https://rmi.org/events/","62","0",NA,NA,NA,NA,NA,NA,NA,NA,NA,NA,NA,NA,NA,NA,NA,NA,NA,NA,NA,NA,NA,NA,NA,NA,NA,NA,NA
"67","NL 2023-04-23 Upcoming Events",NA,NA,NA,NA,NA,NA,NA,NA,NA,NA,NA,NA,NA,"Chart - NA","0","Question - NA","0","Events - https://rmi.org/events/","74","0",NA,NA,NA,NA,NA,NA,NA,NA,NA,NA,NA,NA,NA,NA,NA,NA,NA,NA,NA,NA,NA,NA,NA,NA,NA,NA,NA
"68","NL 2023-04-23 Upcoming Events",NA,NA,NA,NA,NA,NA,NA,NA,NA,NA,NA,NA,NA,"Chart - NA","0","Question - NA","0","Events - https://rmi.org/events/","86","0",NA,NA,NA,NA,NA,NA,NA,NA,NA,NA,NA,NA,NA,NA,NA,NA,NA,NA,NA,NA,NA,NA,NA,NA,NA,NA,NA
"69","NL 2023-04-27 Spark","https://rmi.org/analysis-minnesotans-would-save-up-to-91-billion-from-climate-smart-transportation/","96","https://rmi.org/rethinking-the-status-quo-of-property-insurance/","84","https://rmi.org/lessons-from-the-caribbean-how-to-empower-local-energy-leaders/","47","https://rmi.org/future-of-texas-energy-decisions-based-on-dollars-and-sense/","27","https://rmi.org/new-financial-modeling-tool-powerful-enough-to-realize-the-full-potential-of-the-ira/","27","https://rmi.org/preparing-and-protecting-local-communities-and-economies-in-the-face-of-climate-change/","18","https://rmi.org/supporting-local-governments-as-climate-change-threatens-their-communities/","Chart - NA","0","Question - NA","0","Events - https://rmi.org/events/","47","0.007","13",NA,NA,NA,NA,NA,NA,NA,NA,NA,NA,NA,NA,NA,NA,NA,NA,NA,NA,NA,NA,NA,NA,NA,NA,NA,NA
"70","NL 2023-04-27 Spark","https://rmi.org/analysis-minnesotans-would-save-up-to-91-billion-from-climate-smart-transportation/","115","https://rmi.org/rethinking-the-status-quo-of-property-insurance/","90","https://rmi.org/lessons-from-the-caribbean-how-to-empower-local-energy-leaders/","47","https://rmi.org/new-financial-modeling-tool-powerful-enough-to-realize-the-full-potential-of-the-ira/","25","https://rmi.org/future-of-texas-energy-decisions-based-on-dollars-and-sense/","19","https://rmi.org/preparing-and-protecting-local-communities-and-economies-in-the-face-of-climate-change/","8","https://rmi.org/supporting-local-governments-as-climate-change-threatens-their-communities/","Chart - NA","0","Question - NA","0","Events - https://rmi.org/events/","19","0","8",NA,NA,NA,NA,NA,NA,NA,NA,NA,NA,NA,NA,NA,NA,NA,NA,NA,NA,NA,NA,NA,NA,NA,NA,NA,NA
"71","NL 2023-04-27 Spark","https://rmi.org/analysis-minnesotans-would-save-up-to-91-billion-from-climate-smart-transportation/","192","https://rmi.org/rethinking-the-status-quo-of-property-insurance/","177","https://rmi.org/lessons-from-the-caribbean-how-to-empower-local-energy-leaders/","114","https://rmi.org/future-of-texas-energy-decisions-based-on-dollars-and-sense/","48","https://rmi.org/new-financial-modeling-tool-powerful-enough-to-realize-the-full-potential-of-the-ira/","44","https://rmi.org/supporting-local-governments-as-climate-change-threatens-their-communities/","34","https://rmi.org/preparing-and-protecting-local-communities-and-economies-in-the-face-of-climate-change/","Chart - NA","0","Question - NA","0","Events - https://rmi.org/events/","56","0.004","21",NA,NA,NA,NA,NA,NA,NA,NA,NA,NA,NA,NA,NA,NA,NA,NA,NA,NA,NA,NA,NA,NA,NA,NA,NA,NA
"72","NL 2023-04-30 Upcoming Events",NA,NA,NA,NA,NA,NA,NA,NA,NA,NA,NA,NA,NA,"Chart - NA","0","Question - NA","0","Events - https://rmi.org/events/","80","0.015",NA,NA,NA,NA,NA,NA,NA,NA,NA,NA,NA,NA,NA,NA,NA,NA,NA,NA,NA,NA,NA,NA,NA,NA,NA,NA,NA
"73","NL 2023-04-30 Upcoming Events",NA,NA,NA,NA,NA,NA,NA,NA,NA,NA,NA,NA,NA,"Chart - NA","0","Question - NA","0","Events - https://rmi.org/events/","32","0",NA,NA,NA,NA,NA,NA,NA,NA,NA,NA,NA,NA,NA,NA,NA,NA,NA,NA,NA,NA,NA,NA,NA,NA,NA,NA,NA
"74","NL 2023-04-30 Upcoming Events",NA,NA,NA,NA,NA,NA,NA,NA,NA,NA,NA,NA,NA,"Chart - NA","0","Question - NA","0","Events - https://rmi.org/events/","132","0.006",NA,NA,NA,NA,NA,NA,NA,NA,NA,NA,NA,NA,NA,NA,NA,NA,NA,NA,NA,NA,NA,NA,NA,NA,NA,NA,NA
"75","NL 2023-05-04 Spark","https://rmi.org/the-energy-transition-in-five-charts-and-not-too-many-numbers/","362","https://rmi.org/oil-price-benchmarks-are-missing-one-thing-the-climate-cost/","81","https://rmi.org/solving-colorados-housing-and-climate-crisis/","62","https://rmi.org/jumpstarting-decarbonization-of-the-maritime-shipping-sector/","22","https://rmi.org/vpps-arent-just-a-one-trick-pony/","21","https://rmi.org/finance-the-future-climate-resilience/","18","https://rmi.org/what-needs-to-happen-for-the-new-climate-finance-goal-to-succeed/","Chart - NA","0","Question - NA","0","Events - https://rmi.org/events/","21","0.003","9",NA,NA,NA,NA,NA,NA,NA,NA,NA,NA,NA,NA,NA,NA,NA,NA,NA,NA,NA,NA,NA,NA,NA,NA,NA,NA
"76","NL 2023-05-04 Spark","https://rmi.org/the-energy-transition-in-five-charts-and-not-too-many-numbers/","360","https://rmi.org/oil-price-benchmarks-are-missing-one-thing-the-climate-cost/","91","https://rmi.org/solving-colorados-housing-and-climate-crisis/","58","https://rmi.org/jumpstarting-decarbonization-of-the-maritime-shipping-sector/","33","https://rmi.org/vpps-arent-just-a-one-trick-pony/","26","https://rmi.org/finance-the-future-climate-resilience/","17","https://rmi.org/what-needs-to-happen-for-the-new-climate-finance-goal-to-succeed/","Chart - NA","0","Question - NA","0","Events - https://rmi.org/events/","29","0.005","10",NA,NA,NA,NA,NA,NA,NA,NA,NA,NA,NA,NA,NA,NA,NA,NA,NA,NA,NA,NA,NA,NA,NA,NA,NA,NA
"77","NL 2023-05-04 Spark","https://rmi.org/the-energy-transition-in-five-charts-and-not-too-many-numbers/","709","https://rmi.org/oil-price-benchmarks-are-missing-one-thing-the-climate-cost/","168","https://rmi.org/solving-colorados-housing-and-climate-crisis/","117","https://rmi.org/vpps-arent-just-a-one-trick-pony/","41","https://rmi.org/jumpstarting-decarbonization-of-the-maritime-shipping-sector/","38","https://rmi.org/finance-the-future-climate-resilience/","27","https://rmi.org/what-needs-to-happen-for-the-new-climate-finance-goal-to-succeed/","Chart - NA","0","Question - NA","0","Events - https://rmi.org/events/","32","0","15",NA,NA,NA,NA,NA,NA,NA,NA,NA,NA,NA,NA,NA,NA,NA,NA,NA,NA,NA,NA,NA,NA,NA,NA,NA,NA
"78","NL 2023-05-07 Upcoming Events",NA,NA,NA,NA,NA,NA,NA,NA,NA,NA,NA,NA,NA,"Chart - NA","0","Question - NA","0","Events - https://rmi.org/events/","36","0",NA,NA,NA,NA,NA,NA,NA,NA,NA,NA,NA,NA,NA,NA,NA,NA,NA,NA,NA,NA,NA,NA,NA,NA,NA,NA,NA
"79","NL 2023-05-07 Upcoming Events",NA,NA,NA,NA,NA,NA,NA,NA,NA,NA,NA,NA,NA,"Chart - NA","0","Question - NA","0","Events - https://rmi.org/events/","33","0",NA,NA,NA,NA,NA,NA,NA,NA,NA,NA,NA,NA,NA,NA,NA,NA,NA,NA,NA,NA,NA,NA,NA,NA,NA,NA,NA
"80","NL 2023-05-07 Upcoming Events",NA,NA,NA,NA,NA,NA,NA,NA,NA,NA,NA,NA,NA,"Chart - NA","0","Question - NA","0","Events - https://rmi.org/events/","142","0",NA,NA,NA,NA,NA,NA,NA,NA,NA,NA,NA,NA,NA,NA,NA,NA,NA,NA,NA,NA,NA,NA,NA,NA,NA,NA,NA
"81","NL 2023-05-11 Spark","https://rmi.org/the-ev-battery-supply-chain-explained/","236","https://rmi.org/when-heat-becomes-deadly-the-importance-of-next-generation-air-conditioning/","106","https://rmi.org/bringing-solar-power-to-the-people/","96","https://rmi.org/new-power-plant-standards-preserve-reliable-affordable-electricity/","13","https://rmi.org/insight/addressing-urban-emissions-information-gap/","11","https://rmi.org/working-together-to-light-a-fire-under-the-caribbean-energy-transition/","9",NA,"Chart - NA","0","Question - NA","0","Events - https://rmi.org/events/","22","0",NA,NA,NA,NA,NA,NA,NA,NA,NA,NA,NA,NA,NA,NA,NA,NA,NA,NA,NA,NA,NA,NA,NA,NA,NA,NA,NA
"82","NL 2023-05-11 Spark","https://rmi.org/the-ev-battery-supply-chain-explained/","231","https://rmi.org/when-heat-becomes-deadly-the-importance-of-next-generation-air-conditioning/","97","https://rmi.org/bringing-solar-power-to-the-people/","80","https://rmi.org/insight/addressing-urban-emissions-information-gap/","15","https://rmi.org/new-power-plant-standards-preserve-reliable-affordable-electricity/","9","https://rmi.org/working-together-to-light-a-fire-under-the-caribbean-energy-transition/","8",NA,"Chart - NA","0","Question - NA","0","Events - https://rmi.org/events/","5","0.002",NA,NA,NA,NA,NA,NA,NA,NA,NA,NA,NA,NA,NA,NA,NA,NA,NA,NA,NA,NA,NA,NA,NA,NA,NA,NA,NA
"83","NL 2023-05-11 Spark","https://rmi.org/the-ev-battery-supply-chain-explained/","555","https://rmi.org/when-heat-becomes-deadly-the-importance-of-next-generation-air-conditioning/","223","https://rmi.org/bringing-solar-power-to-the-people/","187","https://rmi.org/insight/addressing-urban-emissions-information-gap/","30","https://rmi.org/new-power-plant-standards-preserve-reliable-affordable-electricity/","24","https://rmi.org/working-together-to-light-a-fire-under-the-caribbean-energy-transition/","21",NA,"Chart - NA","0","Question - NA","0","Events - https://rmi.org/events/","54","0.003",NA,NA,NA,NA,NA,NA,NA,NA,NA,NA,NA,NA,NA,NA,NA,NA,NA,NA,NA,NA,NA,NA,NA,NA,NA,NA,NA
"84","NL 2023-05-14 Upcoming Events",NA,NA,NA,NA,NA,NA,NA,NA,NA,NA,NA,NA,NA,"Chart - NA","0","Question - NA","0","Events - https://rmi.org/events/","49","0.012",NA,NA,NA,NA,NA,NA,NA,NA,NA,NA,NA,NA,NA,NA,NA,NA,NA,NA,NA,NA,NA,NA,NA,NA,NA,NA,NA
"85","NL 2023-05-14 Upcoming Events",NA,NA,NA,NA,NA,NA,NA,NA,NA,NA,NA,NA,NA,"Chart - NA","0","Question - NA","0","Events - https://rmi.org/events/","40","0",NA,NA,NA,NA,NA,NA,NA,NA,NA,NA,NA,NA,NA,NA,NA,NA,NA,NA,NA,NA,NA,NA,NA,NA,NA,NA,NA
"86","NL 2023-05-14 Upcoming Events",NA,NA,NA,NA,NA,NA,NA,NA,NA,NA,NA,NA,NA,"Chart - NA","0","Question - NA","0","Events - https://rmi.org/events/","114","0.011",NA,NA,NA,NA,NA,NA,NA,NA,NA,NA,NA,NA,NA,NA,NA,NA,NA,NA,NA,NA,NA,NA,NA,NA,NA,NA,NA
"87","NL 2023-05-18 Spark","https://rmi.org/new-power-plant-standards-preserve-reliable-affordable-electricity/","189","https://rmi.org/nag-rao-is-changing-americas-landscape/","131","https://rmi.org/we-are-abaco-strong-the-bahamas-inspiring-resilience-at-scale/","47","https://rmi.org/insight/preventing-electric-truck-gridlock/","16","https://rmi.org/why-we-need-transparency-in-metals-recycling-to-reach-climate-goals/","10","https://rmi.org/closing-nigerias-power-and-green-skills-gaps-a-pathway-to-increased-energy-access/","9","https://rmi.org/insight/corporate-green-power-procurement-in-china/","Chart - NA","0","Question - NA","0","Events - https://rmi.org/events/","29","0.007","9","https://rmi.org/institutional-investors-can-make-the-climate-transition-bloom-in-latin-america/","9",NA,NA,NA,NA,NA,NA,NA,NA,NA,NA,NA,NA,NA,NA,NA,NA,NA,NA,NA,NA,NA,NA,NA,NA
"88","NL 2023-05-18 Spark","https://rmi.org/new-power-plant-standards-preserve-reliable-affordable-electricity/","191","https://rmi.org/nag-rao-is-changing-americas-landscape/","135","https://rmi.org/we-are-abaco-strong-the-bahamas-inspiring-resilience-at-scale/","41","https://rmi.org/insight/preventing-electric-truck-gridlock/","22","https://rmi.org/why-we-need-transparency-in-metals-recycling-to-reach-climate-goals/","16","https://rmi.org/closing-nigerias-power-and-green-skills-gaps-a-pathway-to-increased-energy-access/","10","https://rmi.org/insight/corporate-green-power-procurement-in-china/","Chart - NA","0","Question - NA","0","Events - https://rmi.org/events/","14","0.002","6","https://rmi.org/institutional-investors-can-make-the-climate-transition-bloom-in-latin-america/","5",NA,NA,NA,NA,NA,NA,NA,NA,NA,NA,NA,NA,NA,NA,NA,NA,NA,NA,NA,NA,NA,NA,NA,NA
"89","NL 2023-05-18 Spark","https://rmi.org/new-power-plant-standards-preserve-reliable-affordable-electricity/","393","https://rmi.org/nag-rao-is-changing-americas-landscape/","269","https://rmi.org/we-are-abaco-strong-the-bahamas-inspiring-resilience-at-scale/","108","https://rmi.org/insight/preventing-electric-truck-gridlock/","30","https://rmi.org/why-we-need-transparency-in-metals-recycling-to-reach-climate-goals/","30","https://rmi.org/closing-nigerias-power-and-green-skills-gaps-a-pathway-to-increased-energy-access/","20","https://rmi.org/insight/corporate-green-power-procurement-in-china/","Chart - NA","0","Question - NA","0","Events - https://rmi.org/events/","24","0.001","15","https://rmi.org/institutional-investors-can-make-the-climate-transition-bloom-in-latin-america/","12",NA,NA,NA,NA,NA,NA,NA,NA,NA,NA,NA,NA,NA,NA,NA,NA,NA,NA,NA,NA,NA,NA,NA,NA
"90","NL 2023-05-21 Upcoming Events",NA,NA,NA,NA,NA,NA,NA,NA,NA,NA,NA,NA,NA,"Chart - NA","0","Question - NA","0","Events - https://rmi.org/events/","62","0.01",NA,NA,NA,NA,NA,NA,NA,NA,NA,NA,NA,NA,NA,NA,NA,NA,NA,NA,NA,NA,NA,NA,NA,NA,NA,NA,NA
"91","NL 2023-05-21 Upcoming Events",NA,NA,NA,NA,NA,NA,NA,NA,NA,NA,NA,NA,NA,"Chart - NA","0","Question - NA","0","Events - https://rmi.org/events/","72","0.017",NA,NA,NA,NA,NA,NA,NA,NA,NA,NA,NA,NA,NA,NA,NA,NA,NA,NA,NA,NA,NA,NA,NA,NA,NA,NA,NA
"92","NL 2023-05-21 Upcoming Events",NA,NA,NA,NA,NA,NA,NA,NA,NA,NA,NA,NA,NA,"Chart - NA","0","Question - NA","0","Events - https://rmi.org/events/","102","0",NA,NA,NA,NA,NA,NA,NA,NA,NA,NA,NA,NA,NA,NA,NA,NA,NA,NA,NA,NA,NA,NA,NA,NA,NA,NA,NA
"93","NL 2023-05-25 Spark","https://rmi.org/why-we-need-transparency-in-metals-recycling-to-reach-climate-goals/","86","https://rmi.org/jetps-101-helping-emerging-economies-go-from-coal-to-clean/","70","https://rmi.org/improving-food-security-for-subsistence-farmers/","36","https://rmi.org/three-federal-funding-pools-every-industrial-project-developer-should-know-about/","16",NA,NA,NA,NA,NA,"Chart - https://rmi.org/why-we-need-transparency-in-metals-recycling-to-reach-climate-goals/","30","Question - NA","0","Events - https://rmi.org/events/","18","0.005",NA,NA,NA,NA,NA,NA,NA,NA,NA,NA,NA,NA,NA,NA,NA,NA,NA,NA,NA,NA,NA,NA,NA,NA,NA,NA,NA
"94","NL 2023-05-25 Spark","https://rmi.org/why-we-need-transparency-in-metals-recycling-to-reach-climate-goals/","70","https://rmi.org/jetps-101-helping-emerging-economies-go-from-coal-to-clean/","68","https://rmi.org/improving-food-security-for-subsistence-farmers/","33","https://rmi.org/three-federal-funding-pools-every-industrial-project-developer-should-know-about/","15",NA,NA,NA,NA,NA,"Chart - https://rmi.org/why-we-need-transparency-in-metals-recycling-to-reach-climate-goals/","29","Question - NA","0","Events - https://rmi.org/events/","22","0.005",NA,NA,NA,NA,NA,NA,NA,NA,NA,NA,NA,NA,NA,NA,NA,NA,NA,NA,NA,NA,NA,NA,NA,NA,NA,NA,NA
"95","NL 2023-05-25 Spark","https://rmi.org/why-we-need-transparency-in-metals-recycling-to-reach-climate-goals/","151","https://rmi.org/jetps-101-helping-emerging-economies-go-from-coal-to-clean/","144","https://rmi.org/improving-food-security-for-subsistence-farmers/","89","https://rmi.org/three-federal-funding-pools-every-industrial-project-developer-should-know-about/","19",NA,NA,NA,NA,NA,"Chart - https://rmi.org/why-we-need-transparency-in-metals-recycling-to-reach-climate-goals/","56","Question - NA","0","Events - https://rmi.org/events/","30","0.005",NA,NA,NA,NA,NA,NA,NA,NA,NA,NA,NA,NA,NA,NA,NA,NA,NA,NA,NA,NA,NA,NA,NA,NA,NA,NA,NA
"96","NL 2023-05-28 Upcoming Events",NA,NA,NA,NA,NA,NA,NA,NA,NA,NA,NA,NA,NA,"Chart - NA","0","Question - NA","0","Events - https://rmi.org/events/","56","0.021",NA,NA,NA,NA,NA,NA,NA,NA,NA,NA,NA,NA,NA,NA,NA,NA,NA,NA,NA,NA,NA,NA,NA,NA,NA,NA,NA
"97","NL 2023-05-28 Upcoming Events",NA,NA,NA,NA,NA,NA,NA,NA,NA,NA,NA,NA,NA,"Chart - NA","0","Question - NA","0","Events - https://rmi.org/events/","51","0",NA,NA,NA,NA,NA,NA,NA,NA,NA,NA,NA,NA,NA,NA,NA,NA,NA,NA,NA,NA,NA,NA,NA,NA,NA,NA,NA
"98","NL 2023-05-28 Upcoming Events",NA,NA,NA,NA,NA,NA,NA,NA,NA,NA,NA,NA,NA,"Chart - NA","0","Question - NA","0","Events - https://rmi.org/events/","66","0.012",NA,NA,NA,NA,NA,NA,NA,NA,NA,NA,NA,NA,NA,NA,NA,NA,NA,NA,NA,NA,NA,NA,NA,NA,NA,NA,NA
"99","NL 2023-06-01 Spark","https://rmi.org/clean-energy-101-book-and-claim/","154","https://rmi.org/insight/preventing-electric-truck-gridlock/","148","https://rmi.org/clean-energy-101-esg/","98",NA,NA,NA,NA,NA,NA,NA,"Chart - https://rmi.org/blueprints-for-a-green-city/","33","Question - NA","0","Events - https://rmi.org/events/","15","0.002",NA,NA,NA,NA,NA,NA,NA,NA,NA,NA,NA,NA,NA,NA,NA,NA,NA,NA,NA,NA,NA,NA,NA,NA,NA,NA,NA
"100","NL 2023-06-01 Spark","https://rmi.org/insight/preventing-electric-truck-gridlock/","178","https://rmi.org/clean-energy-101-book-and-claim/","156","https://rmi.org/clean-energy-101-esg/","112",NA,NA,NA,NA,NA,NA,NA,"Chart - https://rmi.org/blueprints-for-a-green-city/","44","Question - NA","0","Events - https://rmi.org/events/","11","0.001",NA,NA,NA,NA,NA,NA,NA,NA,NA,NA,NA,NA,NA,NA,NA,NA,NA,NA,NA,NA,NA,NA,NA,NA,NA,NA,NA
"101","NL 2023-06-01 Spark","https://rmi.org/insight/preventing-electric-truck-gridlock/","383","https://rmi.org/clean-energy-101-book-and-claim/","329","https://rmi.org/clean-energy-101-esg/","216",NA,NA,NA,NA,NA,NA,NA,"Chart - https://rmi.org/blueprints-for-a-green-city/","70","Question - NA","0","Events - https://rmi.org/events/","35","0.002",NA,NA,NA,NA,NA,NA,NA,NA,NA,NA,NA,NA,NA,NA,NA,NA,NA,NA,NA,NA,NA,NA,NA,NA,NA,NA,NA
"102","NL 2023-06-04 Upcoming Events",NA,NA,NA,NA,NA,NA,NA,NA,NA,NA,NA,NA,NA,"Chart - NA","0","Question - NA","0","Events - https://rmi.org/events/","133","0.013",NA,NA,NA,NA,NA,NA,NA,NA,NA,NA,NA,NA,NA,NA,NA,NA,NA,NA,NA,NA,NA,NA,NA,NA,NA,NA,NA
"103","NL 2023-06-08 Spark","https://rmi.org/clean-energy-101/","197","https://rmi.org/insight/how-inflation-reduction-act-will-affect-ev-adoption-in-the-united-states/","75","https://rmi.org/how-to-slash-refinery-emissions-quickly-washington-state/","50","https://rmi.org/insight/2023-china-power-outlook-key-trends-for-power-market-players/","13","https://rmi.org/driving-climate-action-with-pride/","10","https://rmi.org/hey-investors-more-stable-power-bills-richer-communities-and-increased-shareholder-returns-are-waiting/","10","https://rmi.org/press-release/rmi-joins-global-battery-alliance-to-advance-a-circular-responsible-and-just-battery-value-chain/","Chart - https://rmi.org/to-harness-cleantech-opportunities-economic-development-organizations-need-to-think-big/","162","Question - NA","0","Events - https://rmi.org/events/","6","0.053","10","https://rmi.org/women-changemakers-are-accelerating-the-energy-transition-in-belize/","8","https://rmi.org/to-harness-cleantech-opportunities-economic-development-organizations-need-to-think-big/","7","https://rmi.org/insight/stakeholder-insights-on-45v/","6",NA,NA,NA,NA,NA,NA,NA,NA,NA,NA,NA,NA,NA,NA,NA,NA,NA,NA,NA,NA
"104","NL 2023-06-08 Spark","https://rmi.org/clean-energy-101/","178","https://rmi.org/insight/how-inflation-reduction-act-will-affect-ev-adoption-in-the-united-states/","66","https://rmi.org/driving-climate-action-with-pride/","25","https://rmi.org/insight/2023-china-power-outlook-key-trends-for-power-market-players/","15","https://rmi.org/hey-investors-more-stable-power-bills-richer-communities-and-increased-shareholder-returns-are-waiting/","13","https://rmi.org/how-to-slash-refinery-emissions-quickly-washington-state/","12","https://rmi.org/press-release/rmi-joins-global-battery-alliance-to-advance-a-circular-responsible-and-just-battery-value-chain/","Chart - https://rmi.org/to-harness-cleantech-opportunities-economic-development-organizations-need-to-think-big/","151","Question - NA","0","Events - https://rmi.org/events/","8","0.039","10","https://rmi.org/women-changemakers-are-accelerating-the-energy-transition-in-belize/","8","https://rmi.org/insight/stakeholder-insights-on-45v/","5","https://rmi.org/to-harness-cleantech-opportunities-economic-development-organizations-need-to-think-big/","5",NA,NA,NA,NA,NA,NA,NA,NA,NA,NA,NA,NA,NA,NA,NA,NA,NA,NA,NA,NA
"105","NL 2023-06-08 Spark","https://rmi.org/clean-energy-101/","349","https://rmi.org/insight/how-inflation-reduction-act-will-affect-ev-adoption-in-the-united-states/","113","https://rmi.org/how-to-slash-refinery-emissions-quickly-washington-state/","108","https://rmi.org/insight/2023-china-power-outlook-key-trends-for-power-market-players/","26","https://rmi.org/driving-climate-action-with-pride/","24","https://rmi.org/hey-investors-more-stable-power-bills-richer-communities-and-increased-shareholder-returns-are-waiting/","21","https://rmi.org/insight/stakeholder-insights-on-45v/","Chart - https://rmi.org/to-harness-cleantech-opportunities-economic-development-organizations-need-to-think-big/","287","Question - NA","0","Events - https://rmi.org/events/","17","0.041","16","https://rmi.org/press-release/rmi-joins-global-battery-alliance-to-advance-a-circular-responsible-and-just-battery-value-chain/","14","https://rmi.org/women-changemakers-are-accelerating-the-energy-transition-in-belize/","14","https://rmi.org/to-harness-cleantech-opportunities-economic-development-organizations-need-to-think-big/","13",NA,NA,NA,NA,NA,NA,NA,NA,NA,NA,NA,NA,NA,NA,NA,NA,NA,NA,NA,NA
"106","NL 2023-06-11 Upcoming Events",NA,NA,NA,NA,NA,NA,NA,NA,NA,NA,NA,NA,NA,"Chart - NA","0","Question - NA","0","Events - https://rmi.org/events/","81","0.016",NA,NA,NA,NA,NA,NA,NA,NA,NA,NA,NA,NA,NA,NA,NA,NA,NA,NA,NA,NA,NA,NA,NA,NA,NA,NA,NA
"107","NL 2023-06-11 Upcoming Events",NA,NA,NA,NA,NA,NA,NA,NA,NA,NA,NA,NA,NA,"Chart - NA","0","Question - NA","0","Events - https://rmi.org/events/","47","0.026",NA,NA,NA,NA,NA,NA,NA,NA,NA,NA,NA,NA,NA,NA,NA,NA,NA,NA,NA,NA,NA,NA,NA,NA,NA,NA,NA
"108","NL 2023-06-11 Upcoming Events",NA,NA,NA,NA,NA,NA,NA,NA,NA,NA,NA,NA,NA,"Chart - NA","0","Question - NA","0","Events - https://rmi.org/events/","77","0",NA,NA,NA,NA,NA,NA,NA,NA,NA,NA,NA,NA,NA,NA,NA,NA,NA,NA,NA,NA,NA,NA,NA,NA,NA,NA,NA
"109","NL 2023-06-15 Spark","https://rmi.org/the-science-behind-gas-stoves/","235","https://rmi.org/clean-energy-201-all-plastics-arent-created-equal/","129","https://rmi.org/waste-methane-101-driving-emissions-reductions-from-landfills/","92","https://rmi.org/inside-amorys-brain","27","https://rmi.org/insight/the-energy-transition-narrative/","22","https://rmi.org/understanding-californias-advanced-clean-cars-ii-regulation/","20","https://rmi.org/unlocking-climate-resilience-in-small-island-nations/","Chart - https://rmi.org/clean-energy-201-all-plastics-arent-created-equal/","40","Question - NA","0","Events - https://rmi.org/events/","53","0.078","14",NA,NA,NA,NA,NA,NA,NA,NA,NA,NA,NA,NA,NA,NA,NA,NA,NA,NA,NA,NA,NA,NA,NA,NA,NA,NA
"110","NL 2023-06-15 Spark","https://rmi.org/the-science-behind-gas-stoves/","228","https://rmi.org/waste-methane-101-driving-emissions-reductions-from-landfills/","98","https://rmi.org/clean-energy-201-all-plastics-arent-created-equal/","82","https://rmi.org/insight/the-energy-transition-narrative/","24","https://rmi.org/inside-amorys-brain","23","https://rmi.org/unlocking-climate-resilience-in-small-island-nations/","17","https://rmi.org/understanding-californias-advanced-clean-cars-ii-regulation/","Chart - https://rmi.org/clean-energy-201-all-plastics-arent-created-equal/","38","Question - NA","0","Events - https://rmi.org/events/","34","0.064","15",NA,NA,NA,NA,NA,NA,NA,NA,NA,NA,NA,NA,NA,NA,NA,NA,NA,NA,NA,NA,NA,NA,NA,NA,NA,NA
"111","NL 2023-06-15 Spark","https://rmi.org/the-science-behind-gas-stoves/","454","https://rmi.org/clean-energy-201-all-plastics-arent-created-equal/","204","https://rmi.org/waste-methane-101-driving-emissions-reductions-from-landfills/","185","https://rmi.org/inside-amorys-brain","39","https://rmi.org/insight/the-energy-transition-narrative/","36","https://rmi.org/understanding-californias-advanced-clean-cars-ii-regulation/","31","https://rmi.org/unlocking-climate-resilience-in-small-island-nations/","Chart - https://rmi.org/clean-energy-201-all-plastics-arent-created-equal/","75","Question - NA","0","Events - https://rmi.org/events/","64","0.048","20",NA,NA,NA,NA,NA,NA,NA,NA,NA,NA,NA,NA,NA,NA,NA,NA,NA,NA,NA,NA,NA,NA,NA,NA,NA,NA
"112","NL 2023-06-18 Upcoming Events",NA,NA,NA,NA,NA,NA,NA,NA,NA,NA,NA,NA,NA,"Chart - NA","0","Question - NA","0","Events - https://rmi.org/events/","289","0.028",NA,NA,NA,NA,NA,NA,NA,NA,NA,NA,NA,NA,NA,NA,NA,NA,NA,NA,NA,NA,NA,NA,NA,NA,NA,NA,NA
"113","NL 2023-06-22 Spark","https://rmi.org/how-policy-can-advance-a-circular-battery-economy/","814","https://rmi.org/insight/innovation-in-low-carbon-concrete/","570","https://rmi.org/four-reasons-why-k-12-schools-are-warming-up-to-heat-pumps/","284","https://rmi.org/reality-check-the-missing-pieces-of-new-yorks-climate-math-debate/","132",NA,NA,NA,NA,NA,"Chart - https://rmi.org/insight/hvac-choices-for-student-health-and-learning/","216","Question - NA","0","Events - https://rmi.org/events/","125","0.052",NA,NA,NA,NA,NA,NA,NA,NA,NA,NA,NA,NA,NA,NA,NA,NA,NA,NA,NA,NA,NA,NA,NA,NA,NA,NA,NA
"114","NL 2023-06-25 Upcoming Events",NA,NA,NA,NA,NA,NA,NA,NA,NA,NA,NA,NA,NA,"Chart - NA","0","Question - NA","0","Events - https://rmi.org/events/","187","0.028",NA,NA,NA,NA,NA,NA,NA,NA,NA,NA,NA,NA,NA,NA,NA,NA,NA,NA,NA,NA,NA,NA,NA,NA,NA,NA,NA
"115","NL 2023-06-29 Spark","https://rmi.org/reality-check/","479","https://rmi.org/introducing-the-clean-mobile-power-initiative/","380","https://rmi.org/reality-check-the-missing-pieces-of-new-yorks-climate-math-debate/","288","https://rmi.org/coal-contracts-lock-in-high-costs-and-high-emissions-its-time-to-break-free/","185","https://rmi.org/keeping-the-catch-fresh-with-a-solar-minigrid/","85","https://rmi.org/insight/cost-effective-grid-interactive-efficient-buildings-report/","83","https://rmi.org/delivering-a-net-zero-future-for-aluminum/","Chart - https://rmi.org/coal-contracts-lock-in-high-costs-and-high-emissions-its-time-to-break-free/","105","Question - NA","0","Events - https://rmi.org/events/","77","0.119","76","https://rmi.org/understanding-californias-advanced-clean-truck-regulation/","72","https://rmi.org/understanding-the-clean-miles-standard-regulation-for-ride-hailing-companies/","67","https://rmi.org/insight/tariffed-on-bill-to-finance-energy-efficiency-and-decarbonization-retrofits-for-multifamily-buildings-in-california/","62",NA,NA,NA,NA,NA,NA,NA,NA,NA,NA,NA,NA,NA,NA,NA,NA,NA,NA,NA,NA
"116","NL 2023-07-02 Upcoming Events",NA,NA,NA,NA,NA,NA,NA,NA,NA,NA,NA,NA,NA,"Chart - NA","0","Question - NA","0","Events - https://rmi.org/events/","353","0.032",NA,NA,NA,NA,NA,NA,NA,NA,NA,NA,NA,NA,NA,NA,NA,NA,NA,NA,NA,NA,NA,NA,NA,NA,NA,NA,NA
"117","NL 2023-07-06 Spark","https://rmi.org/now-is-the-time-to-go-all-in-on-heat-pumps/","1802","https://rmi.org/keeping-the-catch-fresh-with-a-solar-minigrid/","363","https://rmi.org/understanding-the-clean-miles-standard-regulation-for-ride-hailing-companies/","242","https://rmi.org/understanding-californias-advanced-clean-fleet-regulation/","49","https://rmi.org/a-collective-effort-to-increase-energy-access-in-nigeria/","38",NA,NA,NA,"Chart - https://rmi.org/now-is-the-time-to-go-all-in-on-heat-pumps/","130","Question - https://rmi.org/now-is-the-time-to-go-all-in-on-heat-pumps/","7","Events - https://rmi.org/events/","121","0.031",NA,NA,NA,NA,NA,NA,NA,NA,NA,NA,NA,NA,NA,NA,NA,NA,NA,NA,NA,NA,NA,NA,NA,NA,NA,NA,NA
"118","NL 2023-07-09 Upcoming Events",NA,NA,NA,NA,NA,NA,NA,NA,NA,NA,NA,NA,NA,"Chart - NA","0","Question - NA","0","Events - https://rmi.org/events/","288","0.023",NA,NA,NA,NA,NA,NA,NA,NA,NA,NA,NA,NA,NA,NA,NA,NA,NA,NA,NA,NA,NA,NA,NA,NA,NA,NA,NA
"119","NL 2023-07-13 Spark","https://rmi.org/ask-amory/","1150","https://rmi.org/clean-energy-101-ev-battery-recycling/","852","https://rmi.org/state-climate-action-updated-scorecards-tracking-progress-to-2030/","588","https://rmi.org/insight/x-change-electricity/","108","https://rmi.org/closing-the-transportation-climate-pollution-gap/","79","https://rmi.org/pilot-study-proves-value-of-rmis-steel-industry-guidance/","72","https://rmi.org/private-finance-is-coming-off-the-sidelines-on-mdb-reform/","Chart - NA","0","Question - https://rmi.org/closing-the-transportation-climate-pollution-gap/","615","Events - https://rmi.org/events/","206","0.061","72","https://rmi.org/insight/strategies-for-encouraging-good-fuel-cost-management/","62",NA,NA,NA,NA,NA,NA,NA,NA,NA,NA,NA,NA,NA,NA,NA,NA,NA,NA,NA,NA,NA,NA,NA,NA
"120","NL 2023-07-16 Upcoming Events",NA,NA,NA,NA,NA,NA,NA,NA,NA,NA,NA,NA,NA,"Chart - NA","0","Question - NA","0","Events - https://rmi.org/events/","415","0.024",NA,NA,NA,NA,NA,NA,NA,NA,NA,NA,NA,NA,NA,NA,NA,NA,NA,NA,NA,NA,NA,NA,NA,NA,NA,NA,NA
"121","NL 2023-07-20 Spark","https://rmi.org/reality-check-natural-gas-true-climate-risk/","1341","https://rmi.org/how-real-estate-investment-trusts-reits-can-drive-solar-development/","460","https://rmi.org/insight/x-change-electricity/","417","https://rmi.org/a-multi-billion-dollar-epa-fund-is-delivering-the-energy-transition-to-overlooked-communities/","93","https://rmi.org/cheaper-cleaner-faster/","85","https://rmi.org/insight/energy-service-agreements-for-efficiency-and-electrification-retrofits-of-affordable-multifamily-housing-in-california/","83","https://rmi.org/press-release/major-global-corporations-join-with-rmi-to-advance-electric-sector-transformation/","Chart - https://rmi.org/insight/x-change-electricity/","212","Question - NA","0","Events - https://rmi.org/events/","130","0.065","78","https://rmi.org/us-businesses-need-low-emissions-steel-and-its-time-for-us-steelmakers-to-get-it-to-them/","64","https://rmi.org/corporate-commitments/","55",NA,NA,NA,NA,NA,NA,NA,NA,NA,NA,NA,NA,NA,NA,NA,NA,NA,NA,NA,NA,NA,NA
"122","NL 2023-07-23 Upcoming Events",NA,NA,NA,NA,NA,NA,NA,NA,NA,NA,NA,NA,NA,"Chart - NA","0","Question - NA","0","Events - https://rmi.org/events/","273","0.03",NA,NA,NA,NA,NA,NA,NA,NA,NA,NA,NA,NA,NA,NA,NA,NA,NA,NA,NA,NA,NA,NA,NA,NA,NA,NA,NA
"123","NL 2023-07-27 Spark","https://rmi.org/ongoing-struggle-to-join-pjms-grid/","1042","https://rmi.org/electric-vehicle-regulations-and-laws-a-primer-for-decision-makers/","612","https://rmi.org/spreading-smoke-rising-risks/","241","https://rmi.org/a-bankers-guide-to-maximizing-climate-impact-through-multi-level-engagement/","95","https://rmi.org/press-release/indonesia-boosts-energy-leadership-to-deliver-on-20-billion-commitment","53",NA,NA,NA,"Chart - NA","0","Question - https://rmi.org/ongoing-struggle-to-join-pjms-grid/","366","Events - https://rmi.org/events/","78","0.05",NA,NA,NA,NA,NA,NA,NA,NA,NA,NA,NA,NA,NA,NA,NA,NA,NA,NA,NA,NA,NA,NA,NA,NA,NA,NA,NA
"124","NL 2023-07-30 Upcoming Events",NA,NA,NA,NA,NA,NA,NA,NA,NA,NA,NA,NA,NA,"Chart - NA","0","Question - NA","0","Events - https://rmi.org/events/","335","0.028",NA,NA,NA,NA,NA,NA,NA,NA,NA,NA,NA,NA,NA,NA,NA,NA,NA,NA,NA,NA,NA,NA,NA,NA,NA,NA,NA
"125","NL 2023-08-03 Spark","https://rmi.org/electric-vehicle-charging-for-dummies/","744","https://rmi.org/hydrogen-reality-check-distilling-green-hydrogens-water-consumption/","710","https://rmi.org/insight/calibrating-us-tax-credits-for-grid-connected-hydrogen-production/","344","https://rmi.org/developing-an-impactful-solar-for-all-proposal/","111","https://rmi.org/insight/unlocking-coal-contracts/","111","https://rmi.org/going-the-distance-on-interconnection-queue-reform/","77",NA,"Chart - NA","0","Question - NA","0","Events - https://rmi.org/events/","179","0",NA,NA,NA,NA,NA,NA,NA,NA,NA,NA,NA,NA,NA,NA,NA,NA,NA,NA,NA,NA,NA,NA,NA,NA,NA,NA,NA
"126","NL 2023-08-10 Spark","https://rmi.org/the-energy-transition-is-a-technological-revolution-with-a-deadline/","858","https://rmi.org/us-businesses-need-low-emissions-steel-and-its-time-for-us-steelmakers-to-get-it-to-them/","566","https://rmi.org/radical-transparency-for-voluntary-carbon-markets/","553","https://rmi.org/hydrogen-reality-check-distilling-green-hydrogens-water-consumption/","211","https://rmi.org/unleashing-the-potential-of-limestone-calcined-clay-cement/","147",NA,NA,NA,"Chart - NA","0","Question - NA","0","Events - https://rmi.org/events/","226","0",NA,NA,NA,NA,NA,NA,NA,NA,NA,NA,NA,NA,NA,NA,NA,NA,NA,NA,NA,NA,NA,NA,NA,NA,NA,NA,NA
"127","NL 2023-08-13 Upcoming Events",NA,NA,NA,NA,NA,NA,NA,NA,NA,NA,NA,NA,NA,"Chart - NA","0","Question - NA","0","Events - https://rmi.org/events/","355","0",NA,NA,NA,NA,NA,NA,NA,NA,NA,NA,NA,NA,NA,NA,NA,NA,NA,NA,NA,NA,NA,NA,NA,NA,NA,NA,NA
"128","NL 2023-08-17 Spark","https://rmi.org/its-the-iras-first-birthday-here-are-five-areas-where-progress-is-piling-up/","983","https://rmi.org/unleashing-the-potential-of-limestone-calcined-clay-cement/","883","https://rmi.org/how-to-upgrade-and-electrify-millions-of-us-homes-and-buildings/","796","https://rmi.org/pathways-to-equity-and-savings-for-low-income-households/","134","https://rmi.org/press-release/consortium-wins-3-million-in-federal-funding-to-study-the-feasibility-of-a-first-of-a-kind-hub-for-direct-air-capture-in-the-pacific-northwest/","85","https://rmi.org/how-to-use-rmis-corporate-commitments-and-emissions-dashboard/","52","https://rmi.org/pioneering-study-measures-alignment-of-brazilian-asset-manager-portfolios-with-climate-scenarios/","Chart - NA","0","Question - NA","0","Events - https://rmi.org/events/","192","0","44",NA,NA,NA,NA,NA,NA,NA,NA,NA,NA,NA,NA,NA,NA,NA,NA,NA,NA,NA,NA,NA,NA,NA,NA,NA,NA
"129","NL 2023-08-20 Upcoming Events",NA,NA,NA,NA,NA,NA,NA,NA,NA,NA,NA,NA,NA,"Chart - NA","0","Question - NA","0","Events - https://rmi.org/events/","257","0",NA,NA,NA,NA,NA,NA,NA,NA,NA,NA,NA,NA,NA,NA,NA,NA,NA,NA,NA,NA,NA,NA,NA,NA,NA,NA,NA
"130","NL 2023-08-24 Spark","https://rmi.org/five-hydrogen-myths-busted/","1717","https://rmi.org/insight/we-can-cut-petrochemical-use-today/","985","https://rmi.org/five-lessons-for-industrial-project-finance-from-h2-green-steel/","400","https://rmi.org/in-pursuit-of-practical-magic/","167","https://rmi.org/a-reliable-grid-depends-on-rapid-clean-energy-deployment-epas-proposed-standards-help-accelerate-that-shift/","70",NA,NA,NA,"Chart - NA","0","Question - NA","0","Events - https://rmi.org/events/","124","0",NA,NA,NA,NA,NA,NA,NA,NA,NA,NA,NA,NA,NA,NA,NA,NA,NA,NA,NA,NA,NA,NA,NA,NA,NA,NA,NA
"131","NL 2023-08-31 Spark","https://rmi.org/state-climate-action-updated-scorecards-tracking-progress-to-2030/","569","https://rmi.org/breaking-down-the-inflation-reduction-act-program-by-program-incentive-by-incentive/","496","https://rmi.org/hope-in-michigan-one-policy-big-impact/","491","https://rmi.org/ije-ikoku-okeke-mobilizing-catalytic-finance-to-drive-radical-implementation/","389","https://rmi.org/insight/we-can-cut-petrochemical-use-today/","143","https://rmi.org/insight/public-policies/","77","https://rmi.org/insight/accelerating-methane-reductions-with-robust-independent-certification/","Chart - NA","0","Question - NA","0","Events - https://rmi.org/events/","242","0","73",NA,NA,NA,NA,NA,NA,NA,NA,NA,NA,NA,NA,NA,NA,NA,NA,NA,NA,NA,NA,NA,NA,NA,NA,NA,NA
"132","NL 2023-09-06 Spark","https://rmi.org/the-ev-battery-supply-chain-explained/","608","https://rmi.org/rmi-at-climate-week/","297","https://rmi.org/bringing-clean-deliveries-to-india/","231","https://rmi.org/insight/state-level-building-electrification-factsheets/","121","https://rmi.org/emergence-strategy-a-systems-approach-to-corporate-climate-action/","85","https://rmi.org/insight-from-indonesia-just-energy-transitions-hinge-on-well-equipped-energy-leaders/","64","https://rmi.org/insight/accelerating-methane-reductions-with-robust-independent-certification/","Chart - NA","0","Question - NA","0","Events - https://rmi.org/events/","222","0","60","https://rmi.org/press-release/indonesia-boosts-energy-leadership-to-deliver-on-20-billion-commitment/","59","https://rmi.org/press-release/rmi-announces-charlotte-matthews-and-sukanya-paciorek-as-co-managing-directors-carbon-free-buildings/","48",NA,NA,NA,NA,NA,NA,NA,NA,NA,NA,NA,NA,NA,NA,NA,NA,NA,NA,NA,NA,NA,NA
"133","NL 2023-09-14 Spark","https://rmi.org/insight/x-change-cars/","1302","https://rmi.org/insight/state-level-building-electrification-factsheets/","778","https://rmi.org/for-ratepayers-to-realize-savings-from-clean-energy-utility-business-models-need-an-update/","326","https://rmi.org/we-dont-need-another-interregional-transmission-study-to-take-action/","124","https://rmi.org/plotting-a-cleaner-course-for-southeast-asias-energy-and-economies/","100","https://rmi.org/catalytic-climate-capital-initiative-unlocking-clean-energy-investment-in-the-global-south-through-private-public-and-philanthropic-partnerships/","46","https://rmi.org/rmi-at-climate-week/","Chart - NA","0","Question - NA","0","Events - https://rmi.org/events/","95","0","31",NA,NA,NA,NA,NA,NA,NA,NA,NA,NA,NA,NA,NA,NA,NA,NA,NA,NA,NA,NA,NA,NA,NA,NA,NA,NA
"134","NL 2023-09-21 Spark","https://rmi.org/what-a-20-million-heat-pump-commitment-means-for-the-us/","1074","https://rmi.org/the-ev-revolution-in-five-charts-and-not-too-many-numbers/","992","https://rmi.org/insight/case-study-storing-green-hydrogen-to-safeguard-energy-security/","265","https://rmi.org/press-release/evs-to-surpass-two-thirds-of-global-car-sales-by-2030-putting-at-risk-nearly-half-of-oil-demand-new-research-finds/","134","https://rmi.org/a-path-through-carbon-markets-turmoil/","98","https://rmi.org/press-release/major-corporations-come-together-to-advance-the-first-commercial-batch-of-sustainable-steel-in-the-us/","65","https://rmi.org/press-release/pacific-countries-on-the-frontline-of-climate-change-get-support-to-unlock-climate-financing-for-the-future-of-the-region/","Chart - NA","0","Question - NA","0","Events - https://rmi.org/events/","99","0","65",NA,NA,NA,NA,NA,NA,NA,NA,NA,NA,NA,NA,NA,NA,NA,NA,NA,NA,NA,NA,NA,NA,NA,NA,NA,NA
"135","NL 2023-09-24 Upcoming Events","https://rmi.org/rmi-at-climate-week/","25",NA,NA,NA,NA,NA,NA,NA,NA,NA,NA,NA,"Chart - NA","0","Question - NA","0","Events - https://rmi.org/events/","177","0",NA,NA,NA,NA,NA,NA,NA,NA,NA,NA,NA,NA,NA,NA,NA,NA,NA,NA,NA,NA,NA,NA,NA,NA,NA,NA,NA
"136","NL 2023-09-28 Spark","https://rmi.org/insight/driving-action-on-embodied-carbon-in-buildings/","829","https://rmi.org/to-decarbonize-transportation-we-must-invest-in-the-us-ev-battery-supply-chain/","442","https://rmi.org/beating-the-heat-the-summer-clean-energy-records-worth-celebrating/","344","https://rmi.org/a-key-climate-solution-is-lifting-off/","128","https://rmi.org/press-release/renewable-energy-bolsters-resilient-equitable-healthcare-in-barbados/","74","https://rmi.org/press-release/rmi-and-usgbc-release-report-to-cut-embodied-carbon-in-buildings/","74","https://rmi.org/community-benefits-plans-driving-equitable-clean-energy-development/","Chart - NA","0","Question - NA","0","Events - https://rmi.org/events/","14","0","72","https://rmi.org/press-release/saba-and-rmi-formalize-new-project-to-reach-nearly-90-renewable-energy-production/","69","https://rmi.org/accelerating-clean-regional-economies-a-great-lakes-investment-strategy/","60","https://rmi.org/emergence-strategy-in-action-gogoro-seizes-opportunity-in-the-transition-to-sustainable-mobility/","51","https://rmi.org/event/webinar-third-derivative-startup-accelerator-info-session/","44",NA,NA,NA,NA,NA,NA,NA,NA,NA,NA,NA,NA,NA,NA,NA,NA,NA,NA
"137","NL 2023-10-01 Upcoming Events","https://rmi.org/event/webinar-transforming-the-logistics-sector-across-g20-nations/","74","https://rmi.org/event/webinar-third-derivative-startup-accelerator-info-session/","30","https://rmi.org/event/webinar-managing-fuel-costs/","26",NA,NA,NA,NA,NA,NA,NA,"Chart - NA","0","Question - NA","0","Events - https://rmi.org/events/","53","0",NA,NA,NA,NA,NA,NA,NA,NA,NA,NA,NA,NA,NA,NA,NA,NA,NA,NA,NA,NA,NA,NA,NA,NA,NA,NA,NA
"138","NL 2023-10-05 Spark","https://rmi.org/reality-check-the-iea-busts-10-myths-about-the-energy-transition/","1537","https://rmi.org/state-graphics/","742","https://rmi.org/stacking-rules-bonus-credits-and-the-future-industrial-markets-the-ira-aims-to-create/","261","https://rmi.org/decarbonizing-industry-resource-tool-dirt/","223","https://rmi.org/improving-the-data-and-disclosure-of-the-environmental-impact-of-building-materials/","93","https://rmi.org/picturing-a-clean-energy-future-just-got-easier/","62","https://rmi.org/a-primer-on-embodied-carbon-in-climate-disclosure/","Chart - NA","0","Question - NA","0","Events - https://rmi.org/events/","14","0","59","https://rmi.org/insight/we-can-cut-petrochemicals-use-today-buildings/","59","https://rmi.org/understanding-californias-low-carbon-fuel-standards-regulation/","57","https://rmi.org/insight/breaking-down-silos-lessons-from-indonesias-coal-transition-kick-off/","48","https://rmi.org/event/webinar-transforming-the-logistics-sector-across-g20-nations/","27","https://rmi.org/event/webinar-third-derivative-startup-accelerator-info-session/","26","https://rmi.org/event/webinar-managing-fuel-costs/","23",NA,NA,NA,NA,NA,NA,NA,NA,NA,NA,NA,NA,NA,NA
"139","NL 2023-10-12 Spark","https://rmi.org/calculating-parity-between-gas-and-coal-life-cycle-emissions/","823","https://rmi.org/this-e-bike-impact-calculator-can-help-cities-accelerate-e-bike-adoption/","630","https://rmi.org/whats-in-the-epas-new-pollution-standards-for-cars-and-trucks/","310","https://rmi.org/press-release/rmi-announces-appointment-of-new-board-trustees-chair-and-co-chair/","151","https://rmi.org/insight/e-bike-environment-and-economics-impact-assessment-calculator/","117","https://rmi.org/event/webinar-transforming-the-logistics-sector-across-g20-nations/","41","https://rmi.org/event/webinar-managing-fuel-costs/","Chart - NA","0","Question - NA","0","Events - https://rmi.org/events/","22","0","39","https://rmi.org/event/webinar-third-derivative-startup-accelerator-info-session/","39",NA,NA,NA,NA,NA,NA,NA,NA,NA,NA,NA,NA,NA,NA,NA,NA,NA,NA,NA,NA,NA,NA,NA,NA
"140","NL 2023-10-15 Upcoming Events","https://rmi.org/event/webinar-transforming-the-logistics-sector-across-g20-nations/","72","https://rmi.org/event/webinar-third-derivative-startup-accelerator-info-session/","42","https://rmi.org/event/webinar-managing-fuel-costs/","38","https://rmi.org/event/webinar-north-american-electrolysis-landscape-world-hydrogen-leaders-rmi-webinar/","29","https://rmi.org/event/webinar-unlocking-coal-power-purchase-agreements/","23",NA,NA,NA,"Chart - NA","0","Question - NA","0","Events - https://rmi.org/events/","47","0",NA,NA,NA,NA,NA,NA,NA,NA,NA,NA,NA,NA,NA,NA,NA,NA,NA,NA,NA,NA,NA,NA,NA,NA,NA,NA,NA
"141","NL 2023-10-19 Spark","https://rmi.org/the-eight-deadly-sins-of-analyzing-the-energy-transition/","1566","https://rmi.org/insight/the-green-logistics-playbook/","266","https://rmi.org/oil-and-gas-companies-are-missing-significant-methane-emissions-heres-how-to-fix-that/","209","https://rmi.org/from-talk-to-action-scaling-the-deployment-of-renewable-energy-globally/","111","https://rmi.org/event/webinar-managing-fuel-costs/","44","https://rmi.org/event/webinar-unlocking-coal-power-purchase-agreements/","42",NA,"Chart - NA","0","Question - NA","0","Events - https://rmi.org/events/","135","0",NA,NA,NA,NA,NA,NA,NA,NA,NA,NA,NA,NA,NA,NA,NA,NA,NA,NA,NA,NA,NA,NA,NA,NA,NA,NA,NA
"142","NL 2023-10-22 Upcoming Events","https://rmi.org/event/webinar-north-american-electrolysis-landscape-world-hydrogen-leaders-rmi-webinar/","30","https://rmi.org/event/webinar-managing-fuel-costs/","23","https://rmi.org/event/webinar-unlocking-coal-power-purchase-agreements/","20",NA,NA,NA,NA,NA,NA,NA,"Chart - NA","0","Question - NA","0","Events - https://rmi.org/events/","275","0",NA,NA,NA,NA,NA,NA,NA,NA,NA,NA,NA,NA,NA,NA,NA,NA,NA,NA,NA,NA,NA,NA,NA,NA,NA,NA,NA
"143","NL 2023-10-24 Spark","https://rmi.org/with-concrete-less-is-more/","997","https://rmi.org/reality-check-demystifying-the-need-for-carbon-dioxide-removal/","581","https://rmi.org/the-need-for-us-indoor-air-quality-guidelines/","321","https://rmi.org/annual-report-2023/","157","https://rmi.org/insight/low-carbon-procurement-accelerates-net-zero-transition/","98","https://rmi.org/event/how-you-can-afford-to-advance-climate-action-and-strategically-plan-for-federal-funding-and-incentives/","63","https://rmi.org/event/webinar-north-american-electrolysis-landscape-world-hydrogen-leaders-rmi-webinar/","Chart - NA","0","Question - NA","0","Events - https://rmi.org/events/","26","0","53","https://rmi.org/event/conference-american-public-health-association-annual-meeting-2023/","31",NA,NA,NA,NA,NA,NA,NA,NA,NA,NA,NA,NA,NA,NA,NA,NA,NA,NA,NA,NA,NA,NA,NA,NA
"144","NL 2023-10-29 Upcoming Events","https://rmi.org/event/webinar-unlocking-coal-power-purchase-agreements/","83","https://rmi.org/event/how-you-can-afford-to-advance-climate-action-and-strategically-plan-for-federal-funding-and-incentives/","42","https://rmi.org/event/webinar-north-american-electrolysis-landscape-world-hydrogen-leaders-rmi-webinar/","27","https://rmi.org/event/webinar-updates-on-the-new-climate-finance-goal-what-can-be-decided-at-cop28/","21","https://rmi.org/event/webinar-committed-to-reducing-embodied-carbon-emissions-join-the-launch-of-homebuilderscan-an-rmi-initiative/","19",NA,NA,NA,"Chart - NA","0","Question - NA","0","Events - https://rmi.org/events/","59","0",NA,NA,NA,NA,NA,NA,NA,NA,NA,NA,NA,NA,NA,NA,NA,NA,NA,NA,NA,NA,NA,NA,NA,NA,NA,NA,NA
"145","NL 2023-11-02 Spark","https://rmi.org/three-questions-wisconsinites-are-asking-about-heat-pumps/","883","https://rmi.org/a-blueprint-to-decarbonize-affordable-housing/","337","https://rmi.org/carbon-dioxide-removal/","90","https://rmi.org/event/how-you-can-afford-to-advance-climate-action-and-strategically-plan-for-federal-funding-and-incentives/","61","https://rmi.org/voluntary-emissions-reporting-frameworks-cant-be-one-size-fits-all/","52","https://rmi.org/event/webinar-committed-to-reducing-embodied-carbon-emissions-join-the-launch-of-homebuilderscan-an-rmi-initiative/","43","https://rmi.org/event/webinar-updates-on-the-new-climate-finance-goal-what-can-be-decided-at-cop28/","Chart - NA","0","Question - NA","0","Events - https://rmi.org/events/","40","0","40","https://rmi.org/press-release/rmi-and-infracorp-formalize-partnership-with-landmark-mou-to-scale-clean-energy-infrastructure-in-nigeria/","39","https://rmi.org/event/webinar-north-american-electrolysis-landscape-world-hydrogen-leaders-rmi-webinar/","21","https://rmi.org/scaling-solutions/","1",NA,NA,NA,NA,NA,NA,NA,NA,NA,NA,NA,NA,NA,NA,NA,NA,NA,NA,NA,NA
"146","NL 2023-11-02 Spark Re-Send","https://rmi.org/three-questions-wisconsinites-are-asking-about-heat-pumps/","952","https://rmi.org/a-blueprint-to-decarbonize-affordable-housing/","379","https://rmi.org/carbon-dioxide-removal/","80","https://rmi.org/event/how-you-can-afford-to-advance-climate-action-and-strategically-plan-for-federal-funding-and-incentives/","70","https://rmi.org/event/webinar-committed-to-reducing-embodied-carbon-emissions-join-the-launch-of-homebuilderscan-an-rmi-initiative/","42","https://rmi.org/voluntary-emissions-reporting-frameworks-cant-be-one-size-fits-all/","42","https://rmi.org/event/webinar-updates-on-the-new-climate-finance-goal-what-can-be-decided-at-cop28/","Chart - NA","0","Question - NA","0","Events - https://rmi.org/events/","21","0","36","https://rmi.org/press-release/rmi-and-infracorp-formalize-partnership-with-landmark-mou-to-scale-clean-energy-infrastructure-in-nigeria/","36","https://rmi.org/event/webinar-north-american-electrolysis-landscape-world-hydrogen-leaders-rmi-webinar/","19",NA,NA,NA,NA,NA,NA,NA,NA,NA,NA,NA,NA,NA,NA,NA,NA,NA,NA,NA,NA,NA,NA
"147","NL 2023-11-5 Upcoming Events","https://rmi.org/event/webinar-north-american-electrolysis-landscape-world-hydrogen-leaders-rmi-webinar/","67","https://rmi.org/event/how-you-can-afford-to-advance-climate-action-and-strategically-plan-for-federal-funding-and-incentives/","38","https://rmi.org/event/webinar-updates-on-the-new-climate-finance-goal-what-can-be-decided-at-cop28/","31","https://rmi.org/event/webinar-committed-to-reducing-embodied-carbon-emissions-join-the-launch-of-homebuilderscan-an-rmi-initiative/","17","https://rmi.org/scaling-solutions/","1",NA,NA,NA,"Chart - NA","0","Question - NA","0","Events - https://rmi.org/events/","70","0",NA,NA,NA,NA,NA,NA,NA,NA,NA,NA,NA,NA,NA,NA,NA,NA,NA,NA,NA,NA,NA,NA,NA,NA,NA,NA,NA
"148","NL Spark 2023-11-09","https://rmi.org/insight/powering-progress-batteries-discoms-india/","953","https://rmi.org/clean-energy-101-ev-battery-recycling/","510","https://rmi.org/five-hydrogen-myths-busted/","401","https://rmi.org/event/webinar-updates-on-the-new-climate-finance-goal-what-can-be-decided-at-cop28/","49","https://rmi.org/event/webinar-committed-to-reducing-embodied-carbon-emissions-join-the-launch-of-homebuilderscan-an-rmi-initiative/","48","https://rmi.org/event/webinar-safc-registry-what-it-is-how-to-engage-and-why-it-matters/","40",NA,"Chart - NA","0","Question - NA","0","Events - https://rmi.org/events/","25","0",NA,NA,NA,NA,NA,NA,NA,NA,NA,NA,NA,NA,NA,NA,NA,NA,NA,NA,NA,NA,NA,NA,NA,NA,NA,NA,NA
"149","2023-11-12 Upcoming Events","https://rmi.org/event/webinar-updates-on-the-new-climate-finance-goal-what-can-be-decided-at-cop28/","105","https://rmi.org/event/responding-to-the-global-stocktake-mobilizing-finance-at-speed-and-scale/","60","https://rmi.org/rmi-at-cop28/","49","https://rmi.org/event/transition-finance-from-transition-plans-to-transactions/","33","https://rmi.org/event/accelerating-the-energy-transition-in-the-critical-decade-raising-ambition-and-implementing-at-scale/","23",NA,NA,NA,"Chart - NA","0","Question - NA","0","Events - https://rmi.org/events/","11","0",NA,NA,NA,NA,NA,NA,NA,NA,NA,NA,NA,NA,NA,NA,NA,NA,NA,NA,NA,NA,NA,NA,NA,NA,NA,NA,NA
"150","NL 2023-11-16 Spark","https://rmi.org/electrification-101-getting-the-grid-ready-for-an-ev-revolution/","790","https://rmi.org/rmis-guide-to-federal-clean-energy-incentives/","595","https://rmi.org/rmi-analysis-with-smart-policy-truck-electrification-is-within-reach/","344","https://rmi.org/insight/we-can-cut-petrochemicals-use-today-textiles/","249","https://rmi.org/make-a-gift/","95","https://rmi.org/event/transition-finance-from-transition-plans-to-transactions/","70","https://rmi.org/event/later-is-too-late/","Chart - NA","0","Question - NA","0","Events - https://rmi.org/events/","45","0","54","https://rmi.org/event/rmi-at-cop-trading-green-hydrogen-to-bolster-energy-security/","46",NA,NA,NA,NA,NA,NA,NA,NA,NA,NA,NA,NA,NA,NA,NA,NA,NA,NA,NA,NA,NA,NA,NA,NA
"151","NL 2023-11-19 Upcoming Events","https://rmi.org/event/boosting-climate-resilience-preparing-and-de-risking-renewable-energy-projects-in-the-caribbean/","82","https://rmi.org/event/launching-the-climate-finance-access-network-in-the-caribbean-unlocking-climate-finance-access-through-lasting-capacity/","60","https://rmi.org/rmi-at-cop28/","51","https://rmi.org/event/accelerating-the-energy-transition-in-the-critical-decade-raising-ambition-and-implementing-at-scale/","33","https://rmi.org/event/transition-finance-from-transition-plans-to-transactions/","28","https://rmi.org/event/responding-to-the-global-stocktake-mobilizing-finance-at-speed-and-scale/","26","https://rmi.org/event/later-is-too-late/","Chart - NA","0","Question - NA","0","Events - https://rmi.org/events/","10","0","23","https://rmi.org/event/rmi-at-cop-trading-green-hydrogen-to-bolster-energy-security/","21","https://rmi.org/make-a-gift/","17",NA,NA,NA,NA,NA,NA,NA,NA,NA,NA,NA,NA,NA,NA,NA,NA,NA,NA,NA,NA,NA,NA
"152","NL 2023-11-26 Upcoming Events","https://rmi.org/event/boosting-climate-resilience-preparing-and-de-risking-renewable-energy-projects-in-the-caribbean/","59","https://rmi.org/event/wastemap-launch-methane-emissions-tracking-and-satellite-actionable-data/","39","https://rmi.org/event/later-is-too-late/","19","https://rmi.org/rmi-at-cop28/","18","https://rmi.org/event/transition-finance-from-transition-plans-to-transactions/","17","https://rmi.org/event/launching-the-climate-finance-access-network-in-the-caribbean-unlocking-climate-finance-access-through-lasting-capacity/","13","https://rmi.org/make-a-gift/","Chart - NA","0","Question - NA","0","Events - https://rmi.org/events/","8","0","13","https://rmi.org/event/saba-and-the-launch-of-the-safc-registry-at-cop28/","12","https://rmi.org/event/accelerating-the-energy-transition-in-the-critical-decade-raising-ambition-and-implementing-at-scale/","10","https://rmi.org/event/rmi-at-cop-trading-green-hydrogen-to-bolster-energy-security/","10","https://rmi.org/event/responding-to-the-global-stocktake-mobilizing-finance-at-speed-and-scale/","8",NA,NA,NA,NA,NA,NA,NA,NA,NA,NA,NA,NA,NA,NA,NA,NA,NA,NA
"153","NL 2023-11-30 Spark","https://rmi.org/solar-in-arizona-hydrogen-in-louisiana-heres-where-each-state-should-look-for-quick-climate-solutions/","605","https://rmi.org/5-facts-to-know-about-reducing-methane-from-oil-and-gas/","311","https://rmi.org/reality-check-demystifying-the-need-for-carbon-dioxide-removal/","300","https://rmi.org/chasing-contrails-rmis-joey-cathcart-takes-off-to-cut-airlines-climate-toll/","235","https://rmi.org/make-a-gift/","178","https://rmi.org/what-to-expect-in-dubai-prioritizing-pragmatic-progress-at-cop28/","177","https://rmi.org/clean-energy-101-passive-daytime-radiative-cooling-really-cool-roofs/","Chart - NA","0","Question - NA","0","Events - https://rmi.org/events/","22","0","109","https://rmi.org/rmi-at-cop28/","99","https://rmi.org/a-global-call-to-action-on-transition-finance/","91","https://rmi.org/the-world-re-energized/","82","https://rmi.org/no-more-one-size-fits-all-approach-to-state-climate-targets/","71","https://rmi.org/defining-transition-finance-exploring-its-purpose-scope-and-credibility/","56","https://rmi.org/event/transition-finance-from-transition-plans-to-transactions/","51","https://rmi.org/event/webinar-abundant-accessible-and-economic-mapping-our-path-to-clean-energy/","47","https://rmi.org/how-to-hold-back-a-storm-financing-critical-infrastructure-projects-in-the-caribbean/","43","https://rmi.org/event/low-methane-partnership/","40","https://rmi.org/organic-waste-an-untapped-solution-waste-authorities-in-nigeria-tackle-food-waste-as-a-climate-solution-in-lagos/","40",NA,NA,NA,NA,NA,NA
"154","NL 2023-12-03 Upcoming Events","https://rmi.org/event/transition-finance-from-transition-plans-to-transactions/","43","https://rmi.org/event/webinar-abundant-accessible-and-economic-mapping-our-path-to-clean-energy/","37","https://rmi.org/event/rmi-at-cop-trading-green-hydrogen-to-bolster-energy-security/","21","https://rmi.org/event/later-is-too-late/","20","https://rmi.org/event/webinar-safc-registry-what-it-is-how-to-engage-and-why-it-matters/","18",NA,NA,NA,"Chart - NA","0","Question - NA","0","Events - https://rmi.org/events/","47","0",NA,NA,NA,NA,NA,NA,NA,NA,NA,NA,NA,NA,NA,NA,NA,NA,NA,NA,NA,NA,NA,NA,NA,NA,NA,NA,NA
"155","NL 2023-12-07 Spark","https://rmi.org/from-trees-to-tech-and-beyond-carbon-dioxide-removal-cdr-in-all-its-variations/","502","https://rmi.org/rmis-guide-to-federal-clean-energy-incentives/","393","https://rmi.org/insight/the-value-of-green-hydrogen-trade-for-europe/","327","https://rmi.org/5-facts-to-know-about-reducing-methane-from-oil-and-gas/","259","https://rmi.org/make-a-gift/","145","https://rmi.org/this-great-lakes-state-is-surging-ahead-in-climate-action/","114","https://rmi.org/insight/guide-to-road-mapping-state-owned-building-projects-to-reach-net-zero-embodied-carbon/","Chart - NA","0","Question - NA","0","Events - https://rmi.org/events/","17","0","64","https://rmi.org/insight/the-applied-innovation-roadmap-for-cdr/","50","https://rmi.org/press-release/rmi-launches-the-first-finance-framework-to-support-the-decarbonization-of-aluminum-production-the-sustainable-aluminum-finance-framework/","48","https://rmi.org/insight/prospects-for-chinas-next-generation-clean-low-carbon-technologies/","47","https://rmi.org/corporate-climate-action-analyzing-the-recent-surge-of-climate-commitments/","46","https://rmi.org/insight/corporate-carbon-neutrality-strategic-options-action-framework-and-best-practices/","45","https://rmi.org/insight/carbon-neutral-demonstration-zone-definition-planning-methodology-and-case-study/","42","https://rmi.org/press-release/caribbean-countries-on-the-frontline-of-climate-change-get-lasting-support-to-unlock-critical-finance/","41","https://rmi.org/creating-a-diversified-solutions-portfolio-to-meet-the-scale-of-the-carbon-removal-challenge/","37","https://rmi.org/event/webinar-abundant-accessible-and-economic-mapping-our-path-to-clean-energy/","37","https://rmi.org/insight/methane-emissions-mitigation-in-chinas-energy-sector/","35","https://rmi.org/press-release/not-for-profit-registry-launches-to-spur-sustainable-aviation-fuel-market-through-transparent-digital-tool/","32","https://rmi.org/insight/the-rural-equitable-climate-transition-toward-carbon-neutrality-and-shared-prosperity/","28","https://rmi.org/event/webinar-safc-registry-what-it-is-how-to-engage-and-why-it-matters/","26"
"156","NL 2023-12-14 Spark","https://rmi.org/insight/x-change-batteries/","889","https://rmi.org/reshaping-the-future-of-heating-and-cooling/","491","https://rmi.org/make-a-gift/","120","https://rmi.org/the-ira-is-the-largest-climate-investment-in-us-history-are-utilities-planning-accordingly/","80","https://rmi.org/analysis-with-smart-policy-truck-electrification-is-within-reach/","73","https://rmi.org/theres-no-one-size-fits-all-for-achieving-universal-energy-access-in-africa/","73","https://rmi.org/reality-check-keeping-the-lights-on-in-extreme-winter-weather/","Chart - NA","0","Question - NA","0","Events - https://rmi.org/events/","34","0","65","https://rmi.org/clean-energy-101-why-and-how-to-fund-the-decarbonization-of-aluminum/","61","https://rmi.org/event/webinar-explaining-the-hydrogen-tax-credit-rules-a-first-look-with-rmi/","48","https://rmi.org/insight/unlocking-demand-side-flexibility-in-china/","45","https://rmi.org/event/webinar-abundant-accessible-and-economic-mapping-our-path-to-clean-energy/","34",NA,NA,NA,NA,NA,NA,NA,NA,NA,NA,NA,NA,NA,NA,NA,NA,NA,NA
"157","NL 2023-12-17 Upcoming Events","https://rmi.org/event/webinar-explaining-the-hydrogen-tax-credit-rules-a-first-look-with-rmi/","198","https://rmi.org/people/taylor-krause/","72","https://rmi.org/people/alex-piper/","25","https://rmi.org/people/tessa-weiss/","18","https://rmi.org/about/","13",NA,NA,NA,"Chart - NA","0","Question - NA","0","Events - https://rmi.org/events/","76","0",NA,NA,NA,NA,NA,NA,NA,NA,NA,NA,NA,NA,NA,NA,NA,NA,NA,NA,NA,NA,NA,NA,NA,NA,NA,NA,NA
"158","NL 2023-12-21 Spark","https://rmi.org/the-top-12-climate-developments-of-2023/","660","https://rmi.org/introducing-wastemap-a-new-tool-to-track-and-reduce-waste-methane-emissions/","630","https://rmi.org/insight/x-change-batteries/","216","https://rmi.org/1-in-7-families-live-in-energy-poverty-states-can-ease-that-burden/","209","https://rmi.org/five-insights-on-the-concrete-and-cement-industrys-transition-to-net-zero/","144","https://rmi.org/the-renewable-revolution-continues/","116","https://rmi.org/get-a-grip-a-path-to-more-renewable-energy-on-the-grid/","Chart - NA","0","Question - NA","0","Events - https://rmi.org/events/","20","0","87","https://rmi.org/make-a-gift/","84","https://rmi.org/emergence-strategy-in-action-stora-ensos-transformation-into-a-renewable-materials-company/","76","https://rmi.org/event/webinar-explaining-the-hydrogen-tax-credit-rules-a-first-look-with-rmi/","76","https://rmi.org/breaking-down-barriers-for-a-more-reliable-grid/","53","https://rmi.org/insight/biomethane-industry-outlook-under-the-carbon-neutrality-goal/","46",NA,NA,NA,NA,NA,NA,NA,NA,NA,NA,NA,NA,NA,NA,NA,NA
"159","NL 2024-01-04 Spark","https://rmi.org/contrail-mitigation-a-milestone-year-for-advancing-industry-understanding-and-experience/","238","https://rmi.org/produce-deliveries-electrified/","167","https://rmi.org/dispatch-from-mumbai-experiencing-the-urban-gem-of-palava/","65","https://rmi.org/event/webinar-explaining-the-hydrogen-tax-credit-rules-a-first-look-with-rmi/","40","https://rmi.org/an-urgency-for-connective-hydrogen-infrastructure/","32","https://rmi.org/cop28-what-worked-what-didnt-and-what-next/","28","https://rmi.org/electrification-101-how-rmis-new-tool-can-help-utilities-proactively-plan-for-evs/","Chart - NA","0","Question - NA","0","Events - https://rmi.org/events/","10","0","24","https://rmi.org/make-a-gift/","21",NA,NA,NA,NA,NA,NA,NA,NA,NA,NA,NA,NA,NA,NA,NA,NA,NA,NA,NA,NA,NA,NA,NA,NA
"160","NL 2024-01-04 Spark","https://rmi.org/contrail-mitigation-a-milestone-year-for-advancing-industry-understanding-and-experience/","247","https://rmi.org/produce-deliveries-electrified/","153","https://rmi.org/dispatch-from-mumbai-experiencing-the-urban-gem-of-palava/","64","https://rmi.org/an-urgency-for-connective-hydrogen-infrastructure/","36","https://rmi.org/cop28-what-worked-what-didnt-and-what-next/","22","https://rmi.org/electrification-101-how-rmis-new-tool-can-help-utilities-proactively-plan-for-evs/","17","https://rmi.org/event/webinar-explaining-the-hydrogen-tax-credit-rules-a-first-look-with-rmi/","Chart - NA","0","Question - NA","0","Events - https://rmi.org/events/","1","0","15","https://rmi.org/make-a-gift/","3",NA,NA,NA,NA,NA,NA,NA,NA,NA,NA,NA,NA,NA,NA,NA,NA,NA,NA,NA,NA,NA,NA,NA,NA
"161","NL 2024-01-04 Spark","https://rmi.org/contrail-mitigation-a-milestone-year-for-advancing-industry-understanding-and-experience/","434","https://rmi.org/produce-deliveries-electrified/","346","https://rmi.org/dispatch-from-mumbai-experiencing-the-urban-gem-of-palava/","125","https://rmi.org/event/webinar-explaining-the-hydrogen-tax-credit-rules-a-first-look-with-rmi/","72","https://rmi.org/an-urgency-for-connective-hydrogen-infrastructure/","61","https://rmi.org/cop28-what-worked-what-didnt-and-what-next/","49","https://rmi.org/electrification-101-how-rmis-new-tool-can-help-utilities-proactively-plan-for-evs/","Chart - NA","0","Question - NA","0","Events - https://rmi.org/events/","11","0","42","https://rmi.org/make-a-gift/","17",NA,NA,NA,NA,NA,NA,NA,NA,NA,NA,NA,NA,NA,NA,NA,NA,NA,NA,NA,NA,NA,NA,NA,NA
"162","NL 2024-01-07 Upcoming Events","https://rmi.org/event/webinar-explaining-the-hydrogen-tax-credit-rules-a-first-look-with-rmi/","103","https://rmi.org/people/taylor-krause/","11","https://rmi.org/about/","7","https://rmi.org/people/tessa-weiss/","5","https://rmi.org/people/alex-piper/","4",NA,NA,NA,"Chart - NA","0","Question - NA","0","Events - https://rmi.org/events/","6","0",NA,NA,NA,NA,NA,NA,NA,NA,NA,NA,NA,NA,NA,NA,NA,NA,NA,NA,NA,NA,NA,NA,NA,NA,NA,NA,NA
